iso_code,location,continent,year,total_vaccinations,fully_vaccinated_per_hundred,new_cases,new_deaths,population,cases_per_million,deaths_per_million,health_spending_pct_gdp,region,income_group
AFG,Afghanistan,Asia,2020,,,51848.0,2158.0,41128772,1260.626016259372,52.46935162566974,15.53361416,South Asia,Low income
ALB,Albania,Europe,2020,,,55380.0,1134.0,2842318,19484.097134803356,398.9701363464609,7.50389433,Europe & Central Asia,Upper middle income
DZA,Algeria,Africa,2020,,,97857.0,2722.0,44903228,2179.286531471635,60.61924991227802,5.63831711,Middle East & North Africa,Upper middle income
ASM,American Samoa,Oceania,2020,,,0.0,0.0,44295,0.0,0.0,,East Asia & Pacific,High income
AND,Andorra,Europe,2020,,,7806.0,83.0,79843,97766.86747742444,1039.5400974412285,8.78673935,Europe & Central Asia,High income
AGO,Angola,Africa,2020,,,17149.0,400.0,35588996,481.86242736378404,11.239429176366762,3.27488494,Sub-Saharan Africa,Lower middle income
AIA,Anguilla,North America,2020,,,12.0,0.0,15877,755.8102916168042,0.0,,,
ATG,Antigua and Barbuda,North America,2020,,,155.0,5.0,93772,1652.9454421362454,53.32082071407243,5.72944784,Latin America & Caribbean,High income
ARG,Argentina,South America,2020,43403.0,0.0,1629908.0,47507.0,45510324,35814.02760393444,1043.8730341713233,10.45030594,Latin America & Caribbean,Upper middle income
ARM,Armenia,Asia,2020,,,157834.0,2768.0,2780472,56765.182314369646,995.5144306434303,12.24056244,Europe & Central Asia,Upper middle income
ABW,Aruba,North America,2020,,,5228.0,47.0,106459,49108.10734649019,441.48451516546277,,Latin America & Caribbean,High income
AUS,Australia,Oceania,2020,,,28296.0,920.0,26177410,1080.9319944180882,35.14480615156351,10.66040134,East Asia & Pacific,High income
AUT,Austria,Europe,2020,,,344732.0,7049.0,8939617,38562.27845107905,788.5125279975641,11.31641102,Europe & Central Asia,High income
AZE,Azerbaijan,Asia,2020,,,211764.0,2416.0,10358078,20444.333398532042,233.24790564427107,5.84817696,Europe & Central Asia,Upper middle income
BHS,Bahamas,North America,2020,,,7788.0,169.0,409989,18995.631590115834,412.20618114144526,7.59303093,Latin America & Caribbean,High income
BHR,Bahrain,Asia,2020,58643.0,,91518.0,351.0,1472237,62162.54584010591,238.41270121590478,4.7196188,Middle East & North Africa,High income
BGD,Bangladesh,Asia,2020,,,509148.0,7452.0,171186368,2974.232153812621,43.53150363000867,2.27063942,South Asia,Lower middle income
BRB,Barbados,North America,2020,,,347.0,7.0,281646,1232.043061147682,24.853894605284648,7.27405739,Latin America & Caribbean,High income
BLR,Belarus,Europe,2020,0.0,,184922.0,1376.0,9534956,19394.111519759506,144.31110117340867,6.40607214,Europe & Central Asia,Upper middle income
BEL,Belgium,Europe,2020,926.0,0.0,638760.0,19374.0,11655923,54801.32289823809,1662.1592301184555,11.26481915,Europe & Central Asia,High income
BLZ,Belize,North America,2020,,,10490.0,228.0,405285,25883.020590448697,562.5670824234797,5.35447645,Latin America & Caribbean,Upper middle income
BEN,Benin,Africa,2020,,,3205.0,44.0,13352864,240.02341370360696,3.2951732302523262,2.7123611,Sub-Saharan Africa,Lower middle income
BMU,Bermuda,North America,2020,,,561.0,9.0,64207,8737.365084803838,140.17163237653216,,North America,High income
BTN,Bhutan,Asia,2020,,,597.0,0.0,782457,762.9812245273542,0.0,4.08451509,South Asia,Lower middle income
BOL,Bolivia,South America,2020,,,153590.0,9083.0,12224114,12564.50978778503,743.0395364441137,8.0225811,Latin America & Caribbean,Lower middle income
BES,Bonaire Sint Eustatius and Saba,North America,2020,,,182.0,3.0,27052,6727.78352802011,110.89753068165015,,,
BIH,Bosnia and Herzegovina,Europe,2020,,,109330.0,3923.0,3233530,33811.34549548017,1213.2251749635848,9.70311832,Europe & Central Asia,Upper middle income
BWA,Botswana,Africa,2020,,,13890.0,39.0,2630300,5280.766452495914,14.827206022126754,6.1213398,Sub-Saharan Africa,Upper middle income
BRA,Brazil,South America,2020,,,7448560.0,190488.0,215313504,34594.02156215896,884.7006641998636,9.62326527,Latin America & Caribbean,Upper middle income
VGB,British Virgin Islands,North America,2020,,,93.0,1.0,31332,2968.211413251628,31.916251755393844,,Latin America & Caribbean,High income
BRN,Brunei,Asia,2020,,,152.0,3.0,449002,338.5285588928334,6.681484714990134,2.45178461,East Asia & Pacific,High income
BGR,Bulgaria,Europe,2020,4608.0,,197384.0,7123.0,6781955,29104.29219893084,1050.2871222236067,8.48235893,Europe & Central Asia,High income
BFA,Burkina Faso,Africa,2020,,,6344.0,78.0,22673764,279.7947442691915,3.440099314785141,6.57714844,Sub-Saharan Africa,Low income
BDI,Burundi,Africa,2020,,,809.0,2.0,12889583,62.763861328950675,0.15516405767354927,10.71837234,Sub-Saharan Africa,Low income
KHM,Cambodia,Asia,2020,,,364.0,0.0,16767851,21.708208165733343,0.0,5.28458023,East Asia & Pacific,Lower middle income
CMR,Cameroon,Africa,2020,,,26277.0,448.0,27914542,941.337314436325,16.048982641377386,4.25051928,Sub-Saharan Africa,Lower middle income
CAN,Canada,North America,2020,96170.0,0.0,539241.0,14734.0,38454328,14022.89490015272,383.15583098994733,13.02419472,North America,High income
CPV,Cape Verde,Africa,2020,,,11698.0,112.0,593162,19721.42517558441,188.8185689575529,6.63319778,Sub-Saharan Africa,Lower middle income
CYM,Cayman Islands,North America,2020,0.0,,318.0,2.0,68722,4627.339134483863,29.102761852099764,,Latin America & Caribbean,High income
CAF,Central African Republic,Africa,2020,,,5814.0,63.0,5579148,1042.0945993904445,11.292046742620915,8.98555374,Sub-Saharan Africa,Low income
TCD,Chad,Africa,2020,,,1986.0,104.0,17723312,112.05580537091487,5.867977723351031,4.4533143,Sub-Saharan Africa,Low income
CHL,Chile,South America,2020,8648.0,,598394.0,16404.0,19603736,30524.487781308624,836.7792751340867,9.68910599,Latin America & Caribbean,High income
CHN,China,Asia,2020,4500000.0,,96324.0,4777.0,1425887360,67.55372317768496,3.3501945062476746,5.59359741,East Asia & Pacific,Upper middle income
COL,Colombia,South America,2020,,,1574707.0,41690.0,51874028,30356.3663882049,803.6777093924536,8.71432114,Latin America & Caribbean,Upper middle income
COM,Comoros,Africa,2020,,,661.0,7.0,836783,789.9300057482047,8.365370711403077,5.902421,Sub-Saharan Africa,Lower middle income
COG,Congo,Africa,2020,,,6389.0,100.0,5970430,1070.1071782099448,16.749212368288383,4.01775074,Sub-Saharan Africa,Lower middle income
COK,Cook Islands,Oceania,2020,,,0.0,0.0,17032,0.0,0.0,,,
CRI,Costa Rica,North America,2020,55.0,,164062.0,2103.0,5180836,31667.090021764827,405.91904472560026,7.82545757,Latin America & Caribbean,Upper middle income
CIV,Cote d'Ivoire,Africa,2020,,,22081.0,134.0,28160548,784.1111614731361,4.758430127140992,3.62327886,Sub-Saharan Africa,Lower middle income
HRV,Croatia,Europe,2020,7864.0,,204312.0,3613.0,4030361,50693.225743301904,896.4457526261295,7.64949179,Europe & Central Asia,High income
CUB,Cuba,North America,2020,,,11038.0,141.0,11212198,984.4635280254594,12.575589549881299,12.48641968,Latin America & Caribbean,Upper middle income
CUW,Curacao,North America,2020,,,4051.0,12.0,191173,21190.23083803675,62.77037029287609,,Latin America & Caribbean,High income
CYP,Cyprus,Europe,2020,,,19392.0,114.0,896007,21642.68805935668,127.23114886379236,8.76033878,Europe & Central Asia,High income
CZE,Czechia,Europe,2020,11879.0,0.0,675062.0,11367.0,10493990,64328.439421040035,1083.1914267118607,9.15721989,Europe & Central Asia,High income
COD,Democratic Republic of Congo,Africa,2020,,,16837.0,579.0,99010216,170.05315895886946,5.847881394380555,3.97694445,Sub-Saharan Africa,Low income
DNK,Denmark,Europe,2020,11.0,,151167.0,1159.0,5882259,25698.800409842544,197.0331466193515,10.71854591,Europe & Central Asia,High income
DJI,Djibouti,Africa,2020,,,5805.0,61.0,1120851,5179.10052272782,54.42293400282464,2.32228446,Middle East & North Africa,Lower middle income
DMA,Dominica,North America,2020,,,96.0,0.0,72758,1319.442535528739,0.0,6.12651205,Latin America & Caribbean,Upper middle income
DOM,Dominican Republic,North America,2020,,,165940.0,2404.0,11228821,14778.043037643934,214.09193360549608,4.93967104,Latin America & Caribbean,Upper middle income
TLS,East Timor,Asia,2020,,,41.0,0.0,1341298,30.56740560263267,0.0,9.93865013,East Asia & Pacific,Lower middle income
ECU,Ecuador,South America,2020,,,210868.0,13990.0,18001002,11714.23679637389,777.1789592601567,8.6576252,Latin America & Caribbean,Upper middle income
EGY,Egypt,Africa,2020,,,131315.0,7352.0,110990096,1183.1235824861346,66.24014452604852,4.15384626,Middle East & North Africa,Lower middle income
SLV,El Salvador,North America,2020,,,44619.0,1297.0,6336393,7041.70337919381,204.6905865845127,8.95105076,Latin America & Caribbean,Upper middle income
GNQ,Equatorial Guinea,Africa,2020,,,5236.0,86.0,1674916,3126.1269221859484,51.34585853857745,3.99582434,Sub-Saharan Africa,Upper middle income
ERI,Eritrea,Africa,2020,,,997.0,1.0,3684041,270.6267384103489,0.27144106159513426,4.31046677,Sub-Saharan Africa,Low income
EST,Estonia,Europe,2020,2475.0,0.01,31031.0,284.0,1326064,23400.831332424375,214.16764198409732,7.57906437,Europe & Central Asia,High income
SWZ,Eswatini,Africa,2020,,,8365.0,163.0,1201680,6961.087810398775,135.6434325277944,7.07603502,Sub-Saharan Africa,Lower middle income
ETH,Ethiopia,Africa,2020,,,122413.0,1901.0,123379928,992.1630040179632,15.407692570545187,3.48096275,Sub-Saharan Africa,Low income
FLK,Falkland Islands,South America,2020,,,29.0,0.0,3801,7629.571165482768,0.0,,,
FRO,Faroe Islands,Europe,2020,,,574.0,0.0,53117,10806.333188997873,0.0,,Europe & Central Asia,High income
FJI,Fiji,Oceania,2020,,,46.0,2.0,929769,49.474654457182375,2.151071932920973,5.28987408,East Asia & Pacific,Upper middle income
FIN,Finland,Europe,2020,,,38052.0,618.0,5540745,6867.668517500806,111.53734741447225,9.63249588,Europe & Central Asia,High income
FRA,France,Europe,2020,2625.0,0.0,2338258.0,63534.0,67813000,34480.969725568844,936.9000044239305,12.07226849,Europe & Central Asia,High income
GUF,French Guiana,South America,2020,,,12773.0,71.0,304568,41938.08935935489,233.11707073625593,,,
PYF,French Polynesia,Oceania,2020,,,16550.0,108.0,306292,54033.40603084638,352.60470400794014,,East Asia & Pacific,High income
GAB,Gabon,Africa,2020,,,9497.0,64.0,2388997,3975.3084662726656,26.78948529445621,3.41717625,Sub-Saharan Africa,Upper middle income
GMB,Gambia,Africa,2020,,,3792.0,123.0,2705995,1401.332966247166,45.45462944314384,3.72824264,Sub-Saharan Africa,Low income
GEO,Georgia,Asia,2020,,,221605.0,2377.0,3744385,59183.28377023196,634.8171996202313,8.34160137,Europe & Central Asia,Upper middle income
DEU,Germany,Europe,2020,206927.0,,1660178.0,47009.0,83369840,19913.412332325453,563.8609837802256,12.6902256,Europe & Central Asia,High income
GHA,Ghana,Africa,2020,,,54681.0,335.0,33475870,1633.4452248739167,10.007208177113844,4.4331708,Sub-Saharan Africa,Lower middle income
GIB,Gibraltar,Europe,2020,,,1526.0,6.0,32677,46699.51341922453,183.61538696942802,,Europe & Central Asia,High income
GRC,Greece,Europe,2020,2339.0,,139692.0,4682.0,10384972,13451.360292545805,450.84377695000046,9.5242157,Europe & Central Asia,High income
GRL,Greenland,North America,2020,,,26.0,0.0,56494,460.2258646935958,0.0,,Europe & Central Asia,High income
GRD,Grenada,North America,2020,,,116.0,0.0,125459,924.6048509871752,0.0,5.3228159,Latin America & Caribbean,Upper middle income
GLP,Guadeloupe,North America,2020,,,8620.0,156.0,395762,21780.76722878902,394.17629787599617,,,
GUM,Guam,Oceania,2020,,,7094.0,121.0,171783,41296.28659413329,704.3770338159188,,East Asia & Pacific,High income
GTM,Guatemala,North America,2020,,,135198.0,4763.0,17843914,7576.700941284519,266.9257428611234,6.45951891,Latin America & Caribbean,Upper middle income
GGY,Guernsey,Europe,2020,,,297.0,16.0,63329,4689.794564891282,252.64886544868858,,,
GIN,Guinea,Africa,2020,,,13674.0,80.0,13859349,986.6264281244378,5.772276894102313,3.90094519,Sub-Saharan Africa,Lower middle income
GNB,Guinea-Bissau,Africa,2020,,,2447.0,45.0,2105580,1162.1500964104903,21.37178354657624,9.0293932,Sub-Saharan Africa,Low income
GUY,Guyana,South America,2020,,,6289.0,162.0,808727,7776.418989349929,200.3148157536474,5.4180727,Latin America & Caribbean,High income
HTI,Haiti,North America,2020,,,9846.0,235.0,11585003,849.8918817716318,20.28484584768774,3.22171092,Latin America & Caribbean,Lower middle income
HND,Honduras,North America,2020,,,118659.0,3061.0,10432858,11373.585263021887,293.3999485088362,9.03509808,Latin America & Caribbean,Lower middle income
HKG,Hong Kong,Asia,2020,,,,,7488863,,,,East Asia & Pacific,High income
HUN,Hungary,Europe,2020,1094.0,,316060.0,9047.0,9967304,31709.677963068047,907.6677103457464,7.28760386,Europe & Central Asia,High income
ISL,Iceland,Europe,2020,4875.0,,5743.0,28.0,372903,15400.787872449404,75.08655065794589,9.67780685,Europe & Central Asia,High income
IND,India,Asia,2020,,,10187850.0,147622.0,1417173120,7188.853539643766,104.16652554064812,3.34146094,South Asia,Lower middle income
IDN,Indonesia,Asia,2020,,,713365.0,21237.0,275501344,2589.3340106536834,77.08492340422121,3.42067289,East Asia & Pacific,Upper middle income
IRN,Iran,Asia,2020,,,1194963.0,54574.0,88550568,13494.69604757363,616.3032178404547,5.40149546,Middle East & North Africa,Upper middle income
IRQ,Iraq,Asia,2020,,,590779.0,12767.0,44496124,13277.089033642571,286.9238677957658,5.76473284,Middle East & North Africa,Upper middle income
IRL,Ireland,Europe,2020,,,85176.0,2230.0,5023108,16956.832303824645,443.9482487734685,7.06342745,Europe & Central Asia,High income
IMN,Isle of Man,Europe,2020,,,377.0,35.0,84534,4459.74400832801,414.03458963257384,,Europe & Central Asia,High income
ISR,Israel,Asia,2020,992320.0,0.0,399105.0,3242.0,9449000,42237.80294211028,343.1050904857657,7.70120192,Middle East & North Africa,High income
ITA,Italy,Europe,2020,40667.0,,2039182.0,71627.0,59037472,34540.46948351718,1213.246393748025,9.62485981,Europe & Central Asia,High income
JAM,Jamaica,North America,2020,,,12684.0,294.0,2827382,4486.128864086989,103.98311936625473,6.62580395,Latin America & Caribbean,Upper middle income
JPN,Japan,Asia,2020,,,217312.0,3213.0,123951696,1753.1990849080435,25.92138795745078,11.20903683,East Asia & Pacific,High income
JEY,Jersey,Europe,2020,,,2643.0,41.0,110796,23854.651792483484,370.0494602693238,,,
JOR,Jordan,Asia,2020,,,286356.0,3729.0,11285875,25372.955131968058,330.41301627033795,7.11578226,Middle East & North Africa,Lower middle income
KAZ,Kazakhstan,Asia,2020,,,197142.0,2669.0,19397998,10163.007543355763,137.59151846494674,3.75300956,Europe & Central Asia,Upper middle income
KEN,Kenya,Africa,2020,,,95843.0,1655.0,54027484,1773.9674866221792,30.632557311016,4.49248838,Sub-Saharan Africa,Lower middle income
KIR,Kiribati,Oceania,2020,,,0.0,0.0,131237,0.0,0.0,13.53000164,East Asia & Pacific,Lower middle income
KWT,Kuwait,Asia,2020,2500.0,,149449.0,929.0,4268886,35008.89927723533,217.6211779841392,6.23488235,Middle East & North Africa,High income
KGZ,Kyrgyzstan,Asia,2020,,,0.0,0.0,6630621,0.0,0.0,4.94803715,Europe & Central Asia,Lower middle income
LAO,Laos,Asia,2020,,,41.0,0.0,7529477,5.445265321880922,0.0,2.05965185,East Asia & Pacific,Lower middle income
LVA,Latvia,Europe,2020,2336.0,0.0,36330.0,632.0,1850654,19630.898050094725,341.50089643985314,7.28520584,Europe & Central Asia,High income
LBN,Lebanon,Asia,2020,,,169472.0,1379.0,5489744,30870.656263752917,251.19568417033656,7.57650805,Middle East & North Africa,Lower middle income
LSO,Lesotho,Africa,2020,,,2577.0,64.0,2305826,1117.603843481685,27.755780358101607,10.45941448,Sub-Saharan Africa,Lower middle income
LBR,Liberia,Africa,2020,,,1821.0,89.0,5302690,343.41060857791047,16.783934191891287,12.90504265,Sub-Saharan Africa,Low income
LBY,Libya,Africa,2020,,,97653.0,1415.0,6812344,14334.713572890623,207.71117841377358,7.10674047,Middle East & North Africa,Upper middle income
LIE,Liechtenstein,Europe,2020,0.0,,2088.0,39.0,39355,53055.52026426121,990.9795451657985,,Europe & Central Asia,High income
LTU,Lithuania,Europe,2020,9755.0,,134219.0,1617.0,2750058,48805.879730536595,587.987598807007,7.47439718,Europe & Central Asia,High income
LUX,Luxembourg,Europe,2020,1251.0,,38383.0,285.0,647601,59269.51934910539,440.08579356733543,5.76488066,Europe & Central Asia,High income
MDG,Madagascar,Africa,2020,,,17714.0,261.0,29611718,598.2091278864671,8.814078264557294,3.72316122,Sub-Saharan Africa,Low income
MWI,Malawi,Africa,2020,,,6343.0,188.0,20405318,310.8503381324417,9.2132844976981,7.17979383,Sub-Saharan Africa,Low income
MYS,Malaysia,Asia,2020,,,103900.0,451.0,33938216,3061.445539741983,13.288854075299657,4.08254337,East Asia & Pacific,Upper middle income
MDV,Maldives,Asia,2020,,,13645.0,48.0,523798,26050.118557153713,91.63837968071661,11.3365984,South Asia,Upper middle income
MLI,Mali,Africa,2020,,,6574.0,250.0,22593598,290.96737934347595,11.065081356231973,3.47597885,Sub-Saharan Africa,Low income
MLT,Malta,Europe,2020,,,12616.0,227.0,533293,23656.789044671503,425.65719032501835,10.60137844,Middle East & North Africa,High income
MHL,Marshall Islands,Oceania,2020,,,4.0,0.0,41593,96.17002861058351,0.0,12.17444134,East Asia & Pacific,Upper middle income
MTQ,Martinique,North America,2020,,,6072.0,42.0,367512,16521.90948866976,114.28198262913865,,,
MRT,Mauritania,Africa,2020,,,13516.0,337.0,4736146,2853.7971591247397,71.15490105245911,3.00147843,Sub-Saharan Africa,Lower middle income
MUS,Mauritius,Africa,2020,,,527.0,10.0,1299478,405.54745828709684,7.695397690457244,6.09606028,Sub-Saharan Africa,Upper middle income
MYT,Mayotte,Africa,2020,,,5767.0,54.0,326113,17684.054300196556,165.58677513622578,,,
MEX,Mexico,North America,2020,24998.0,,1453414.0,143890.0,127504120,11398.957147423942,1128.512553162988,6.0537405,Latin America & Caribbean,Upper middle income
FSM,Micronesia (country),Oceania,2020,,,0.0,0.0,114178,0.0,0.0,12.01537514,East Asia & Pacific,Lower middle income
MDA,Moldova,Europe,2020,,,140996.0,2960.0,3272993,43078.613367031336,904.371014542347,7.00484037,Europe & Central Asia,Upper middle income
MCO,Monaco,Europe,2020,0.0,,645.0,3.0,36491,17675.59124167603,82.21205228686526,4.27929592,Europe & Central Asia,High income
MNG,Mongolia,Asia,2020,,,1121.0,1.0,3398373,329.8637318505061,0.29425845838582165,4.6662488,East Asia & Pacific,Upper middle income
MNE,Montenegro,Europe,2020,,,35210.0,543.0,627082,56148.95659578811,865.9154624116144,11.42177582,Europe & Central Asia,Upper middle income
MSR,Montserrat,North America,2020,,,13.0,1.0,4413,2945.8418309539993,226.60321776569228,,,
MAR,Morocco,Africa,2020,,,430562.0,7204.0,37457976,11494.534568552235,192.32219060634776,5.59079361,Middle East & North Africa,Lower middle income
MOZ,Mozambique,Africa,2020,,,18162.0,159.0,32969520,550.8724421829617,4.8226361803265565,7.54172373,Sub-Saharan Africa,Low income
MMR,Myanmar,Asia,2020,,,121886.0,2601.0,54179312,2249.6778844293926,48.00725413419794,4.38807583,East Asia & Pacific,Lower middle income
NAM,Namibia,Africa,2020,,,21923.0,195.0,2567024,8540.239592617754,75.96345028328523,8.88723373,Sub-Saharan Africa,Upper middle income
NRU,Nauru,Oceania,2020,,,0.0,0.0,12691,0.0,0.0,11.55650234,East Asia & Pacific,High income
NPL,Nepal,Asia,2020,,,258181.0,2720.0,30547586,8451.764404558842,89.04140575952549,5.2080965,South Asia,Lower middle income
NLD,Netherlands,Europe,2020,,,773198.0,11539.0,17564020,44021.6989049204,656.9680517330315,11.22355747,Europe & Central Asia,High income
NCL,New Caledonia,Oceania,2020,,,38.0,0.0,289959,131.05301094292642,0.0,,East Asia & Pacific,High income
NZL,New Zealand,Oceania,2020,,,1789.0,25.0,5185289,345.0145208878425,4.821332041473484,10.05994129,East Asia & Pacific,High income
NIC,Nicaragua,North America,2020,,,4790.0,164.0,6948395,689.3678324274887,23.6025729682898,8.58996105,Latin America & Caribbean,Lower middle income
NER,Niger,Africa,2020,,,3109.0,101.0,26207982,118.62798135316179,3.8537877506173497,6.17007589,Sub-Saharan Africa,Low income
NGA,Nigeria,Africa,2020,,,83576.0,1247.0,218541216,382.42671807957726,5.706017486422333,3.38063431,Sub-Saharan Africa,Lower middle income
NIU,Niue,Oceania,2020,,,0.0,0.0,1952,0.0,0.0,,,
PRK,North Korea,Asia,2020,,,0.0,0.0,26069416,0.0,0.0,,East Asia & Pacific,Low income
MKD,North Macedonia,Europe,2020,,,81796.0,2896.0,2093606,39069.433312667235,1383.259314312244,7.73212385,Europe & Central Asia,Upper middle income
MNP,Northern Mariana Islands,Oceania,2020,,,122.0,2.0,49574,2460.967442611046,40.343728567394194,,East Asia & Pacific,High income
NOR,Norway,Europe,2020,2422.0,,47244.0,421.0,5434324,8693.62960324044,77.47053727381731,11.42416382,Europe & Central Asia,High income
OMN,Oman,Asia,2020,6516.0,,128290.0,1491.0,4576300,28033.564233114088,325.8090597207351,5.11922884,Middle East & North Africa,High income
PAK,Pakistan,Asia,2020,,,469482.0,9816.0,235824864,1990.8078903842813,41.62410966131205,2.95273018,South Asia,Lower middle income
PLW,Palau,Oceania,2020,,,0.0,0.0,18084,0.0,0.0,13.33730412,East Asia & Pacific,High income
PSE,Palestine,Asia,2020,,,148540.0,1406.0,5250076,28292.923759579862,267.8056470039672,10.27610207,Middle East & North Africa,Lower middle income
PAN,Panama,North America,2020,,,226660.0,3756.0,4408582,51413.3569478803,851.9746258547533,10.21630001,Latin America & Caribbean,High income
PNG,Papua New Guinea,Oceania,2020,,,780.0,9.0,10142625,76.90316855843533,0.8873442525973305,2.30193973,East Asia & Pacific,Lower middle income
PRY,Paraguay,South America,2020,,,103888.0,2154.0,6780745,15321.030358758513,317.6642094637094,7.67533064,Latin America & Caribbean,Upper middle income
PER,Peru,South America,2020,,,1005546.0,92523.0,34049588,29531.811075070866,2717.301601417321,6.36273861,Latin America & Caribbean,Upper middle income
PHL,Philippines,Asia,2020,,,469003.0,9067.0,115559008,4058.558550450692,78.46207887142818,5.16214037,East Asia & Pacific,Lower middle income
PCN,Pitcairn,Oceania,2020,,,0.0,0.0,47,0.0,0.0,,,
POL,Poland,Europe,2020,47600.0,,1259923.0,27207.0,39857144,31610.97041975712,682.6128836526772,6.49677992,Europe & Central Asia,High income
PRT,Portugal,Europe,2020,,,377474.0,6695.0,10270857,36751.94776833131,651.8443397663895,10.54770088,Europe & Central Asia,High income
PRI,Puerto Rico,North America,2020,,,82303.0,1630.0,3252412,25305.219633920915,501.166518878912,,Latin America & Caribbean,High income
QAT,Qatar,Asia,2020,0.0,,142903.0,244.0,2695131,53022.654557422255,90.53363268798437,3.81872201,Middle East & North Africa,High income
REU,Reunion,Africa,2020,,,8909.0,45.0,974062,9146.235044586485,46.198291279199886,,,
ROU,Romania,Europe,2020,10289.0,,613760.0,15108.0,19659270,31219.87744204134,768.492421132626,6.22618055,Europe & Central Asia,High income
RUS,Russia,Europe,2020,52000.0,,3050248.0,54778.0,144713312,21077.867390665484,378.52771968898065,8.04076004,Europe & Central Asia,High income
RWA,Rwanda,Africa,2020,,,7817.0,73.0,13776702,567.4072067465785,5.298800830561625,7.48696899,Sub-Saharan Africa,Low income
BLM,Saint Barthelemy,North America,2020,,,189.0,0.0,10994,17191.195197380388,0.0,,,
SHN,Saint Helena,Africa,2020,,,0.0,0.0,5401,0.0,0.0,,,
KNA,Saint Kitts and Nevis,North America,2020,,,30.0,0.0,47681,629.181434953126,0.0,5.66188908,Latin America & Caribbean,High income
LCA,Saint Lucia,North America,2020,,,305.0,5.0,179872,1695.650240170788,27.797544920832593,6.75983715,Latin America & Caribbean,Upper middle income
MAF,Saint Martin (French part),North America,2020,,,986.0,12.0,31816,30990.696504903193,377.1687201408097,,Latin America & Caribbean,High income
SPM,Saint Pierre and Miquelon,North America,2020,,,16.0,0.0,5885,2718.776550552251,0.0,,,
VCT,Saint Vincent and the Grenadines,North America,2020,,,108.0,0.0,103959,1038.8710934118258,0.0,4.8395834,Latin America & Caribbean,Upper middle income
WSM,Samoa,Oceania,2020,,,1.0,0.0,222390,4.496605063177301,0.0,6.18667269,East Asia & Pacific,Lower middle income
SMR,San Marino,Europe,2020,,,2293.0,57.0,33690,68061.7393885426,1691.8967052537844,8.48147392,Europe & Central Asia,High income
STP,Sao Tome and Principe,Africa,2020,,,1014.0,17.0,227393,4459.240170101982,74.76043677685769,7.32044411,Sub-Saharan Africa,Lower middle income
SAU,Saudi Arabia,Asia,2020,,,362066.0,6176.0,36408824,9944.457420541788,169.62920856768127,6.64630127,Middle East & North Africa,High income
SEN,Senegal,Africa,2020,,,18523.0,387.0,17316452,1069.6763979133832,22.348688980860512,5.15119171,Sub-Saharan Africa,Lower middle income
SRB,Serbia,Europe,2020,,,323367.0,2983.0,6871547,47058.83551404073,434.1089422803919,8.70042229,Europe & Central Asia,Upper middle income
SYC,Seychelles,Africa,2020,,,211.0,0.0,107135,1969.4777617025247,0.0,6.03121805,Sub-Saharan Africa,High income
SLE,Sierra Leone,Africa,2020,,,2549.0,76.0,8605723,296.19823924149085,8.831332358710593,9.32588673,Sub-Saharan Africa,Low income
SGP,Singapore,Asia,2020,619.0,0.0,58519.0,29.0,5637022,10381.190635764771,5.144560372480363,5.61608791,East Asia & Pacific,High income
SXM,Sint Maarten (Dutch part),North America,2020,,,1371.0,26.0,44192,31023.71469949312,588.3417813178856,,Latin America & Caribbean,High income
SVK,Slovakia,Europe,2020,,,167523.0,1773.0,5643455,29684.47520180457,314.1692456128382,7.12650204,Europe & Central Asia,High income
SVN,Slovenia,Europe,2020,11490.0,,115411.0,2881.0,2119843,54443.18282061455,1359.062911734501,9.42807865,Europe & Central Asia,High income
SLB,Solomon Islands,Oceania,2020,,,17.0,0.0,724272,23.471844831775908,0.0,4.89478445,East Asia & Pacific,Lower middle income
SOM,Somalia,Africa,2020,,,4690.0,127.0,17597508,266.5150088296593,7.216930942722117,2.24750042,Sub-Saharan Africa,Low income
ZAF,South Africa,Africa,2020,,,994911.0,26521.0,59893884,16611.22861893545,442.7998023971863,9.01329231,Sub-Saharan Africa,Upper middle income
KOR,South Korea,Asia,2020,,,56855.0,808.0,51815808,1097.252020078506,15.593696811598498,8.3554945,East Asia & Pacific,High income
SSD,South Sudan,Africa,2020,,,3505.0,63.0,10913172,321.1715164023805,5.772840380413687,9.31798267,Sub-Saharan Africa,Low income
ESP,Spain,Europe,2020,,,1919549.0,53964.0,47558632,40361.7370659442,1134.6836048606276,10.73210335,Europe & Central Asia,High income
LKA,Sri Lanka,Asia,2020,,,41054.0,191.0,21832150,1880.4377947201717,8.748565761961144,4.06134748,South Asia,Lower middle income
SDN,Sudan,Africa,2020,,,24694.0,1520.0,46874200,526.8143242978012,32.427220091222885,3.00965381,Sub-Saharan Africa,Low income
SUR,Suriname,South America,2020,,,5880.0,119.0,618046,9513.85495577999,192.54230267649982,6.67584229,Latin America & Caribbean,Upper middle income
SWE,Sweden,Europe,2020,,,418129.0,9323.0,10549349,39635.526324894556,883.7512153593553,11.33296967,Europe & Central Asia,High income
CHE,Switzerland,Europe,2020,6382.0,,435319.0,7182.0,8740471,49804.981905437366,821.6948491677393,12.00404072,Europe & Central Asia,High income
SYR,Syria,Asia,2020,,,10932.0,669.0,22125242,494.0962905626071,30.236957408194677,3.71555972,Middle East & North Africa,Low income
TWN,Taiwan,Asia,2020,,,,,23893396,,,,,
TJK,Tajikistan,Asia,2020,,,13555.0,90.0,9952789,1361.9298068109351,9.042691450607464,8.8903532,Europe & Central Asia,Lower middle income
TZA,Tanzania,Africa,2020,,,509.0,21.0,65497752,7.771259080769672,0.3206216909551338,3.05195832,Sub-Saharan Africa,Lower middle income
THA,Thailand,Asia,2020,,,6142.0,120.0,71697024,85.66603824448836,1.6737096368183986,4.35724688,East Asia & Pacific,Upper middle income
TGO,Togo,Africa,2020,,,3555.0,68.0,8848700,401.75392995581274,7.6847446517567555,6.18928432,Sub-Saharan Africa,Low income
TKL,Tokelau,Oceania,2020,,,0.0,0.0,1893,0.0,0.0,,,
TON,Tonga,Oceania,2020,,,0.0,0.0,106867,0.0,0.0,5.56259537,East Asia & Pacific,Upper middle income
TTO,Trinidad and Tobago,North America,2020,,,7097.0,125.0,1531043,4635.402140893495,81.64368995514822,7.48661852,Latin America & Caribbean,High income
TUN,Tunisia,Africa,2020,,,130230.0,4426.0,12356116,10539.719763071178,358.2031764674271,7.05022287,Middle East & North Africa,Lower middle income
TUR,Turkey,Asia,2020,,,2133373.0,19624.0,85341248,24998.14626568386,229.94742237657456,4.61640215,Europe & Central Asia,Upper middle income
TKM,Turkmenistan,Asia,2020,,,0.0,0.0,6430777,0.0,0.0,5.57226086,Europe & Central Asia,Upper middle income
TCA,Turks and Caicos Islands,North America,2020,,,844.0,6.0,45726,18457.770196387177,131.21637580370032,,Latin America & Caribbean,High income
TUV,Tuvalu,Oceania,2020,,,0.0,0.0,11335,0.0,0.0,18.59855461,East Asia & Pacific,Upper middle income
UGA,Uganda,Africa,2020,,,33815.0,298.0,47249588,715.6676159800589,6.306933300667088,5.23698568,Sub-Saharan Africa,Low income
UKR,Ukraine,Europe,2020,,,988108.0,15278.0,39701744,24888.276948236835,384.81936712906116,7.56217051,Europe & Central Asia,Upper middle income
ARE,United Arab Emirates,Asia,2020,,,200892.0,655.0,9441138,21278.36707820604,69.37722973649998,5.82477045,Middle East & North Africa,High income
GBR,United Kingdom,Europe,2020,,,2344433.0,90475.0,67508936,34727.74330201264,1340.1929486786755,11.96547699,Europe & Central Asia,High income
USA,United States,North America,2020,5716312.0,0.01,18890446.0,342920.0,338289856,55841.00635875999,1013.6869135088697,18.8132534,North America,High income
VIR,United States Virgin Islands,North America,2020,,,1981.0,23.0,99479,19913.750640838767,231.20457584012706,,Latin America & Caribbean,High income
URY,Uruguay,South America,2020,,,15848.0,143.0,3422796,4630.1327920214935,41.77870956960333,9.06924915,Latin America & Caribbean,High income
UZB,Uzbekistan,Asia,2020,,,9.0,0.0,34627648,0.25990792097690263,0.0,6.71439123,Europe & Central Asia,Lower middle income
VUT,Vanuatu,Oceania,2020,,,1.0,0.0,326744,3.0604999632740006,0.0,4.12128973,East Asia & Pacific,Lower middle income
VAT,Vatican,Europe,2020,,,26.0,0.0,808,32178.21782178218,0.0,,,
VEN,Venezuela,South America,2020,,,111603.0,1010.0,28301700,3943.332025991371,35.68690220022118,4.11615229,Latin America & Caribbean,
VNM,Vietnam,Asia,2020,,,1440.0,35.0,98186856,14.665914142316565,0.35646319095908313,4.33219814,East Asia & Pacific,Lower middle income
WLF,Wallis and Futuna,Oceania,2020,,,4.0,0.0,11596,344.94653328734046,0.0,,,
YEM,Yemen,Asia,2020,,,2096.0,607.0,33696612,62.20209913091559,18.013680425794735,5.77270842,Middle East & North Africa,Low income
ZMB,Zambia,Africa,2020,,,19671.0,382.0,20017670,982.6818006291442,19.083140045769564,6.3067441,Sub-Saharan Africa,Lower middle income
ZWE,Zimbabwe,Africa,2020,,,12963.0,341.0,16320539,794.2752380910949,20.89391778053409,2.95440149,Sub-Saharan Africa,Lower middle income
AFG,Afghanistan,Asia,2021,4674518.0,9.13,106054.0,5194.0,41128772,2578.5841600133353,126.28628931590761,21.508461,South Asia,Low income
ALB,Albania,Europe,2021,2316606.0,36.28,151841.0,2053.0,2842318,53421.538335963814,722.297786524942,7.39913177,Europe & Central Asia,Upper middle income
DZA,Algeria,Africa,2021,12545356.0,12.49,118519.0,3507.0,44903228,2639.431623935812,78.1012892881554,5.0110569,Middle East & North Africa,Upper middle income
ASM,American Samoa,Oceania,2021,,,11.0,0.0,44295,248.33502652669603,0.0,,East Asia & Pacific,High income
AND,Andorra,Europe,2021,117246.0,64.37,13924.0,56.0,79843,174392.2447803815,701.376451285648,8.33450699,Europe & Central Asia,High income
AGO,Angola,Africa,2021,11615144.0,11.04,53993.0,1346.0,35588996,1517.1262487989266,37.82067917847416,3.09277129,Sub-Saharan Africa,Lower middle income
AIA,Anguilla,North America,2021,20284.0,58.09,1634.0,5.0,15877,102916.16804182151,314.92095484033507,,,
ATG,Antigua and Barbuda,North America,2021,121146.0,62.77,4074.0,113.0,93772,43445.80471782622,1205.050548138037,4.99196768,Latin America & Caribbean,High income
ARG,Argentina,South America,2021,78305677.0,67.63,3930008.0,70323.0,45510324,86354.2083330367,1545.209829752036,10.03832245,Latin America & Caribbean,Upper middle income
ARM,Armenia,Asia,2021,1626738.0,24.89,186647.0,5175.0,2780472,67127.81139317353,1861.1947899493323,12.32268524,Europe & Central Asia,Upper middle income
ABW,Aruba,North America,2021,163759.0,74.21,11937.0,134.0,106459,112127.67356447082,1258.7005325994044,,Latin America & Caribbean,High income
AUS,Australia,Oceania,2021,42580539.0,75.47,338311.0,1457.0,26177410,12923.776645588698,55.65867669872612,10.42525291,East Asia & Pacific,High income
AUT,Austria,Europe,2021,16677400.0,70.64,907356.0,9538.0,8939617,101498.30803713403,1066.9360890964344,12.15228558,Europe & Central Asia,High income
AZE,Azerbaijan,Asia,2021,11346166.0,45.15,402355.0,5868.0,10358078,38844.56170343571,566.5143668545459,4.68526697,Europe & Central Asia,Upper middle income
BHS,Bahamas,North America,2021,300214.0,35.94,15842.0,544.0,409989,38640.061074809324,1326.8648671061908,7.0057478,Latin America & Caribbean,High income
BHR,Bahrain,Asia,2021,3226201.0,80.01,188000.0,1043.0,1472237,127696.8314204846,708.4457189976886,4.49223804,Middle East & North Africa,High income
BGD,Bangladesh,Asia,2021,106575146.0,23.8,1074105.0,20608.0,171186368,6274.47741633259,120.3834174459499,2.36551309,South Asia,Lower middle income
BRB,Barbados,North America,2021,299629.0,51.01,27282.0,253.0,281646,96866.27894591082,898.2907621624308,7.93866014,Latin America & Caribbean,High income
BLR,Belarus,Europe,2021,7708200.0,33.86,507679.0,4108.0,9534956,53243.979311493415,430.8357584450311,6.56549978,Europe & Central Asia,Upper middle income
BEL,Belgium,Europe,2021,21730351.0,75.75,1409350.0,8818.0,11655923,120912.77541898655,756.5252447189296,11.04724503,Europe & Central Asia,High income
BLZ,Belize,North America,2021,424634.0,49.13,21013.0,364.0,405285,51847.46536387974,898.1334122901168,5.05842113,Latin America & Caribbean,Upper middle income
BEN,Benin,Africa,2021,1773592.0,9.88,21730.0,117.0,13352864,1627.366233940524,8.762165180443686,2.58129549,Sub-Saharan Africa,Lower middle income
BMU,Bermuda,North America,2021,112695.0,70.42,5503.0,97.0,64207,85707.16588533961,1510.7387045026244,,North America,High income
BTN,Bhutan,Asia,2021,1154843.0,72.22,2063.0,3.0,782457,2636.566610050137,3.834076505162584,3.0729053,South Asia,Lower middle income
BOL,Bolivia,South America,2021,9792844.0,37.58,421657.0,10447.0,12224114,34493.870066984,854.6222654664379,8.159729,Latin America & Caribbean,Lower middle income
BES,Bonaire Sint Eustatius and Saba,North America,2021,35845.0,61.87,3057.0,20.0,27052,113004.58376460151,739.3168712110011,,,
BIH,Bosnia and Herzegovina,Europe,2021,1553874.0,22.29,178386.0,9360.0,3233530,55167.572281685956,2894.6692933110257,9.55514336,Europe & Central Asia,Upper middle income
BWA,Botswana,Africa,2021,1128095.0,39.31,198592.0,2400.0,2630300,75501.65380374863,912.4434475154925,6.30754805,Sub-Saharan Africa,Upper middle income
BRA,Brazil,South America,2021,331273910.0,66.62,14782177.0,427904.0,215313504,68654.20294307226,1987.3532874185169,9.63646507,Latin America & Caribbean,Upper middle income
VGB,British Virgin Islands,North America,2021,35799.0,54.27,2978.0,38.0,31332,95046.59772756288,1212.817566704966,,Latin America & Caribbean,High income
BRN,Brunei,Asia,2021,898401.0,89.24,15295.0,58.0,449002,34064.43623859136,129.17537115647593,2.14642429,East Asia & Pacific,High income
BGR,Bulgaria,Europe,2021,3700660.0,28.24,536498.0,23405.0,6781955,79106.68826319254,3451.069787399061,8.61892796,Europe & Central Asia,High income
BFA,Burkina Faso,Africa,2021,1053330.0,2.86,10696.0,239.0,22673764,471.7346444992547,10.540817131200626,6.40747881,Sub-Saharan Africa,Low income
BDI,Burundi,Africa,2021,7543.0,0.03,26190.0,12.0,12889583,2031.8733352351273,0.9309843460412955,8.99484253,Sub-Saharan Africa,Low income
KHM,Cambodia,Asia,2021,30456720.0,81.46,120085.0,3008.0,16767851,7161.621366983759,179.3909070399063,5.51976061,East Asia & Pacific,Lower middle income
CMR,Cameroon,Africa,2021,1020007.0,2.36,82399.0,1403.0,27914542,2951.8306264885164,50.26054162020642,4.30539274,Sub-Saharan Africa,Lower middle income
CAN,Canada,North America,2021,68836546.0,76.55,1422482.0,15117.0,38454328,36991.46686427598,393.1156981861704,12.41920948,North America,High income
CPV,Cape Verde,Africa,2021,571130.0,43.15,27315.0,240.0,593162,46049.81438460319,404.61121919475625,7.316607,Sub-Saharan Africa,Lower middle income
CYM,Cayman Islands,North America,2021,130608.0,82.78,8068.0,9.0,68722,117400.54131137046,130.96242833444896,,Latin America & Caribbean,High income
CAF,Central African Republic,Africa,2021,436772.0,6.0,6454.0,38.0,5579148,1156.8074551884984,6.811075813009441,9.15270615,Sub-Saharan Africa,Low income
TCD,Chad,Africa,2021,285922.0,0.46,3715.0,77.0,17723312,209.61093502162578,4.344560429788744,4.17851543,Sub-Saharan Africa,Low income
CHL,Chile,South America,2021,44314172.0,84.41,1200731.0,22609.0,19603736,61250.11069318624,1153.3005749516317,9.68593311,Latin America & Caribbean,High income
CHN,China,Asia,2021,2835332000.0,84.68,34534.0,922.0,1425887360,24.219304391617584,0.6466148910949039,5.38360548,East Asia & Pacific,Upper middle income
COL,Colombia,South America,2021,64690489.0,54.6,3543547.0,87996.0,51874028,68310.61971898538,1696.3402186543137,9.01772404,Latin America & Caribbean,Upper middle income
COM,Comoros,Africa,2021,581547.0,29.41,4942.0,146.0,836783,5905.951722250571,174.4777319806927,6.43369246,Sub-Saharan Africa,Lower middle income
COG,Congo,Africa,2021,758891.0,2.28,13700.0,267.0,5970430,2294.642094455508,44.72039702332997,3.49339676,Sub-Saharan Africa,Lower middle income
COK,Cook Islands,Oceania,2021,25339.0,73.38,0.0,0.0,17032,0.0,0.0,,,
CRI,Costa Rica,North America,2021,7756348.0,67.66,405461.0,5246.0,5180836,78261.69367260419,1012.577892834284,7.61130476,Latin America & Caribbean,Upper middle income
CIV,Cote d'Ivoire,Africa,2021,7113233.0,7.68,41766.0,573.0,28160548,1483.138751419184,20.34761539441633,3.76207662,Sub-Saharan Africa,Lower middle income
HRV,Croatia,Europe,2021,4729751.0,48.47,488790.0,8666.0,4030361,121276.97742212174,2150.17959929644,8.01351929,Europe & Central Asia,High income
CUB,Cuba,North America,2021,30874045.0,86.27,953569.0,8179.0,11212198,85047.46348575006,729.4733824714833,13.78727913,Latin America & Caribbean,Upper middle income
CUW,Curacao,North America,2021,217092.0,50.54,14248.0,174.0,191173,74529.3529944082,910.1703692467033,,Latin America & Caribbean,High income
CYP,Cyprus,Europe,2021,1541159.0,67.84,130456.0,523.0,896007,145597.0768085517,583.7007969803807,9.47552109,Europe & Central Asia,High income
CZE,Czechia,Europe,2021,15499506.0,63.48,1811389.0,24621.0,10493990,172612.0379379054,2346.200063083727,9.45247459,Europe & Central Asia,High income
COD,Democratic Republic of Congo,Africa,2021,333589.0,0.12,58207.0,626.0,99010216,587.8888295728998,6.322579884079841,3.67749357,Sub-Saharan Africa,Low income
DNK,Denmark,Europe,2021,11882638.0,76.63,546396.0,2038.0,5882259,92888.80343419084,346.4655330545629,10.74728584,Europe & Central Asia,High income
DJI,Djibouti,Africa,2021,64721.0,2.33,7763.0,128.0,1120851,6925.987486293897,114.19894348133695,2.88669515,Middle East & North Africa,Lower middle income
DMA,Dominica,North America,2021,57044.0,37.96,6463.0,45.0,72758,88828.71986585668,618.4886885290964,6.31661367,Latin America & Caribbean,Upper middle income
DOM,Dominican Republic,North America,2021,14086551.0,50.76,247947.0,1833.0,11228821,22081.30310386104,163.24064654695272,4.91807747,Latin America & Caribbean,Upper middle income
TLS,East Timor,Asia,2021,1195990.0,39.74,19792.0,122.0,1341298,14755.85589481234,90.95667032978504,11.43105984,East Asia & Pacific,Lower middle income
ECU,Ecuador,South America,2021,27566331.0,70.5,332094.0,19657.0,18001002,18448.639692390458,1091.9947678468122,8.20646191,Latin America & Caribbean,Upper middle income
EGY,Egypt,Africa,2021,52819190.0,18.58,249205.0,14219.0,110990096,2245.2904266341025,128.11052978997333,4.60955143,Middle East & North Africa,Lower middle income
SLV,El Salvador,North America,2021,9620698.0,65.6,77122.0,2521.0,6336393,12171.2778863306,397.8604231145385,10.12668991,Latin America & Caribbean,Upper middle income
GNQ,Equatorial Guinea,Africa,2021,452666.0,12.14,8394.0,89.0,1674916,5011.594611311852,53.136993138760396,3.39468098,Sub-Saharan Africa,Upper middle income
ERI,Eritrea,Africa,2021,,,6876.0,71.0,3684041,1866.4287395281433,19.272315373254532,4.17839003,Sub-Saharan Africa,Low income
EST,Estonia,Europe,2021,1808855.0,62.42,195778.0,1544.0,1326064,147638.4246914176,1164.3480254346698,7.47860336,Europe & Central Asia,High income
SWZ,Eswatini,Africa,2021,399616.0,25.07,56016.0,1109.0,1201680,46614.73936488916,922.8746421676319,7.38329172,Sub-Saharan Africa,Lower middle income
ETH,Ethiopia,Africa,2021,10916152.0,,273337.0,4993.0,123379928,2215.408976409842,40.46849500511947,3.2075386,Sub-Saharan Africa,Low income
FLK,Falkland Islands,South America,2021,4407.0,46.7,52.0,0.0,3801,13680.61036569324,0.0,,,
FRO,Faroe Islands,Europe,2021,96235.0,76.3,4576.0,13.0,53117,86149.44368093078,244.74273772991697,,Europe & Central Asia,High income
FJI,Fiji,Oceania,2021,1267045.0,65.13,52898.0,695.0,929769,56893.70155382681,747.497496690038,7.06084681,East Asia & Pacific,Upper middle income
FIN,Finland,Europe,2021,9616819.0,73.73,284783.0,1218.0,5540745,51397.961826433086,219.82603422463947,9.83458328,Europe & Central Asia,High income
FRA,France,Europe,2021,124246736.0,73.21,6371668.0,60631.0,67813000,93959.38831787415,894.0911034757348,12.29229355,Europe & Central Asia,High income
GUF,French Guiana,South America,2021,,,34456.0,266.0,304568,113130.72942659767,873.3681805048462,,,
PYF,French Polynesia,Oceania,2021,329095.0,51.94,29832.0,528.0,306292,97397.25490708214,1723.845219594374,,East Asia & Pacific,High income
GAB,Gabon,Africa,2021,392898.0,7.25,29373.0,223.0,2388997,12295.117993032221,93.34461282287086,2.69024062,Sub-Saharan Africa,Upper middle income
GMB,Gambia,Africa,2021,294698.0,9.22,6344.0,219.0,2705995,2344.424139734183,80.93141339876829,3.19251013,Sub-Saharan Africa,Low income
GEO,Georgia,Asia,2021,2512858.0,30.68,702763.0,11135.0,3744385,187684.49291405664,2973.7860823606547,8.3153286,Europe & Central Asia,Upper middle income
DEU,Germany,Europe,2021,153966358.0,70.96,5353865.0,70683.0,83369840,64218.24727023586,847.8245850058007,12.90171242,Europe & Central Asia,High income
GHA,Ghana,Africa,2021,7755231.0,6.97,86614.0,952.0,33475870,2587.3562061269804,28.438394580932474,3.86030865,Sub-Saharan Africa,Lower middle income
GIB,Gibraltar,Europe,2021,108323.0,100.0,6616.0,94.0,32677,202466.56669828933,2876.641062521039,,Europe & Central Asia,High income
GRC,Greece,Europe,2021,17469497.0,67.8,945395.0,15823.0,10384972,91034.91083076585,1523.6439732336303,9.18476486,Europe & Central Asia,High income
GRL,Greenland,North America,2021,78500.0,67.36,2115.0,1.0,56494,37437.603993344426,17.70099479590753,,Europe & Central Asia,High income
GRD,Grenada,North America,2021,78476.0,28.26,5840.0,200.0,125459,46549.07180831985,1594.1462948054743,5.34433317,Latin America & Caribbean,Upper middle income
GLP,Guadeloupe,North America,2021,,,47175.0,676.0,395762,119200.42854038539,1708.0972907959833,,,
GUM,Guam,Oceania,2021,,,8166.0,149.0,171783,47536.717835874326,867.3733722196026,,East Asia & Pacific,High income
GTM,Guatemala,North America,2021,11310579.0,26.27,489858.0,11332.0,17843914,27452.38516616926,635.0624644346527,6.97680426,Latin America & Caribbean,Upper middle income
GGY,Guernsey,Europe,2021,106109.0,21.5,6349.0,7.0,63329,100254.22792085774,110.53387863380127,,,
GIN,Guinea,Africa,2021,2952253.0,6.68,17456.0,309.0,13859349,1259.5108182931249,22.295419503470185,3.7175858,Sub-Saharan Africa,Lower middle income
GNB,Guinea-Bissau,Africa,2021,413938.0,1.1,4019.0,104.0,2105580,1908.7377349708868,49.39256641875398,8.16332626,Sub-Saharan Africa,Low income
GUY,Guyana,South America,2021,715724.0,36.37,32753.0,880.0,808727,40499.451607279094,1088.1298633531462,4.92369986,Latin America & Caribbean,High income
HTI,Haiti,North America,2021,197175.0,0.64,16128.0,531.0,11585003,1392.144654602161,45.8351197664774,3.44216156,Latin America & Caribbean,Lower middle income
HND,Honduras,North America,2021,9589064.0,41.18,260414.0,7368.0,10432858,24960.945505057196,706.2302582858887,9.16101742,Latin America & Caribbean,Lower middle income
HKG,Hong Kong,Asia,2021,9925508.0,62.25,,,7488863,,,,East Asia & Pacific,High income
HUN,Hungary,Europe,2021,15074636.0,60.01,921270.0,29260.0,9967304,92429.20653368253,2935.5982319792793,7.38329268,Europe & Central Asia,High income
ISL,Iceland,Europe,2021,716926.0,76.14,18463.0,9.0,372903,49511.53517134483,24.13496271148261,9.78697014,Europe & Central Asia,High income
IND,India,Asia,2021,1448865422.0,42.57,24598952.0,332060.0,1417173120,17357.760779431097,234.31152857316403,3.34680939,South Asia,Lower middle income
IDN,Indonesia,Asia,2021,274749184.0,41.26,3548394.0,122818.0,275501344,12879.770198144659,445.79818819323077,3.70634937,East Asia & Pacific,Upper middle income
IRN,Iran,Asia,2021,116210697.0,57.81,4987942.0,76774.0,88550568,56328.74088396587,867.0074256327752,5.77013779,Middle East & North Africa,Upper middle income
IRQ,Iraq,Asia,2021,14140578.0,12.67,1501533.0,11355.0,44496124,33745.25385626847,255.1907667283559,5.25095701,Middle East & North Africa,Upper middle income
IRL,Ireland,Europe,2021,9859848.0,77.33,610917.0,3824.0,5023108,121621.31493091528,761.2816606770151,6.59614468,Europe & Central Asia,High income
IMN,Isle of Man,Europe,2021,177816.0,77.43,13536.0,32.0,84534,160124.920150472,378.5459105212104,,Europe & Central Asia,High income
ISR,Israel,Asia,2021,16786452.0,62.89,965663.0,5009.0,9449000,102197.37538363847,530.109006244047,7.67129993,Middle East & North Africa,High income
ITA,Italy,Europe,2021,111400252.0,75.73,3583249.0,64903.0,59037472,60694.48569884564,1099.3526281071113,9.34389782,Europe & Central Asia,High income
JAM,Jamaica,North America,2021,1208785.0,20.05,79671.0,2168.0,2827382,28178.364296016596,766.7870843062592,7.18521214,Latin America & Caribbean,Upper middle income
JPN,Japan,Asia,2021,201971478.0,80.44,1514477.0,15174.0,123951696,12218.283806298221,122.41865573182638,11.18996906,East Asia & Pacific,High income
JEY,Jersey,Europe,2021,209935.0,69.49,14829.0,48.0,110796,133840.57186180007,433.2286364128669,,,
JOR,Jordan,Asia,2021,8265793.0,34.86,765065.0,8715.0,11285875,67789.60426196462,772.2041932947157,7.20182657,Middle East & North Africa,Lower middle income
KAZ,Kazakhstan,Asia,2021,17501273.0,43.9,872722.0,15516.0,19397998,44990.31291785884,799.8763583747148,3.92458963,Europe & Central Asia,Upper middle income
KEN,Kenya,Africa,2021,10002184.0,7.69,185515.0,3704.0,54027484,3433.7153290351257,68.55769926284187,4.56525421,Sub-Saharan Africa,Lower middle income
KIR,Kiribati,Oceania,2021,82167.0,17.28,0.0,0.0,131237,0.0,0.0,11.65399933,East Asia & Pacific,Lower middle income
KWT,Kuwait,Asia,2021,6942690.0,75.35,265462.0,1539.0,4268886,62185.31017225571,360.5156005571477,5.50187826,Middle East & North Africa,High income
KGZ,Kyrgyzstan,Asia,2021,2255224.0,14.95,68891.0,860.0,6630621,10389.826231962286,129.7012753405752,5.35275412,Europe & Central Asia,Lower middle income
LAO,Laos,Asia,2021,5830021.0,41.16,106190.0,325.0,7529477,14103.237183671588,43.163688527104874,2.74392009,East Asia & Pacific,Lower middle income
LVA,Latvia,Europe,2021,2555555.0,68.22,235099.0,4183.0,1850654,127035.63172802696,2260.282040835294,9.10995388,Europe & Central Asia,High income
LBN,Lebanon,Asia,2021,4379487.0,33.36,541787.0,7648.0,5489744,98690.75862189566,1393.1432868272182,4.85634661,Middle East & North Africa,Lower middle income
LSO,Lesotho,Africa,2021,857925.0,31.55,25605.0,601.0,2305826,11104.48056358112,260.6441249252979,10.81370068,Sub-Saharan Africa,Lower middle income
LBR,Liberia,Africa,2021,880313.0,14.24,4407.0,198.0,5302690,831.0876177939876,37.33953898870196,13.8384428,Sub-Saharan Africa,Low income
LBY,Libya,Africa,2021,2679874.0,12.12,287010.0,4226.0,6812344,42130.87301522061,620.344480548839,6.21384287,Middle East & North Africa,Upper middle income
LIE,Liechtenstein,Europe,2021,63015.0,,3971.0,30.0,39355,100902.04548342015,762.291957819845,,Europe & Central Asia,High income
LTU,Lithuania,Europe,2021,4131857.0,66.62,381787.0,5685.0,2750058,138828.70833996954,2067.229127531128,7.75970221,Europe & Central Asia,High income
LUX,Luxembourg,Europe,2021,1076484.0,5.85,57505.0,350.0,647601,88796.95985645482,540.4562377142715,5.66065645,Europe & Central Asia,High income
MAC,Macao,Asia,2021,972604.0,66.4,,,695180,,,,East Asia & Pacific,High income
MDG,Madagascar,Africa,2021,742069.0,1.83,32565.0,766.0,29611718,1099.7335581812579,25.868137741957426,3.5045228,Sub-Saharan Africa,Low income
MWI,Malawi,Africa,2021,1800908.0,3.46,64339.0,2140.0,20405318,3153.0505920074365,104.87462140996774,7.62815809,Sub-Saharan Africa,Low income
MYS,Malaysia,Asia,2021,57849311.0,75.62,2637279.0,30883.0,33938216,77708.2389952377,909.9771184201314,4.37382412,East Asia & Pacific,Upper middle income
MDV,Maldives,Asia,2021,790154.0,70.15,81220.0,213.0,523798,155059.77495141258,406.64530983317997,10.09611702,South Asia,Upper middle income
MLI,Mali,Africa,2021,1057653.0,1.74,13437.0,403.0,22593598,594.7259927347561,17.836911146245942,3.46649742,Sub-Saharan Africa,Low income
MLT,Malta,Europe,2021,1072274.0,81.73,34820.0,266.0,533293,65292.43774060413,498.78772082138715,10.36362457,Middle East & North Africa,High income
MHL,Marshall Islands,Oceania,2021,,,0.0,0.0,41593,0.0,0.0,12.54099083,East Asia & Pacific,Upper middle income
MTQ,Martinique,North America,2021,,,41756.0,733.0,367512,113618.05873005508,1994.4926968371103,,,
MRT,Mauritania,Africa,2021,1937226.0,16.2,26937.0,525.0,4736146,5687.535814985433,110.8496233013087,3.78022528,Sub-Saharan Africa,Lower middle income
MUS,Mauritius,Africa,2021,2036896.0,70.02,89563.0,752.0,1299478,68922.29033504223,578.6939063223848,6.6160841,Sub-Saharan Africa,Upper middle income
MYT,Mayotte,Africa,2021,,,16396.0,131.0,326113,50277.051206177,401.7012507934366,,,
MEX,Mexico,North America,2021,148814260.0,57.08,2548565.0,159365.0,127504120,19988.099208088333,1249.881180310095,5.89244318,Latin America & Caribbean,Upper middle income
FSM,Micronesia (country),Oceania,2021,,,0.0,0.0,114178,0.0,0.0,11.41321754,East Asia & Pacific,Lower middle income
MDA,Moldova,Europe,2021,1776513.0,30.01,233353.0,7224.0,3272993,71296.51667449334,2207.1541246803763,7.7490406,Europe & Central Asia,Upper middle income
MCO,Monaco,Europe,2021,65140.0,70.34,3960.0,35.0,36491,108519.90901866213,959.1406100134279,3.67252064,Europe & Central Asia,High income
MNG,Mongolia,Asia,2021,5340605.0,63.66,689829.0,1980.0,3398373,202988.018089833,582.6317476039269,7.21042728,East Asia & Pacific,Upper middle income
MNE,Montenegro,Europe,2021,634517.0,43.51,122800.0,1733.0,627082,195827.65890266345,2763.5939159471964,10.55253506,Europe & Central Asia,Upper middle income
MSR,Montserrat,North America,2021,3020.0,33.36,32.0,0.0,4413,7251.302968502153,0.0,,,
MAR,Morocco,Africa,2021,50265580.0,61.39,525025.0,7623.0,37457976,14016.373975999131,203.50805927154204,5.522717,Middle East & North Africa,Lower middle income
MOZ,Mozambique,Africa,2021,14718782.0,18.46,146700.0,1801.0,32969520,4449.564324867332,54.62621233187502,8.86981869,Sub-Saharan Africa,Low income
MMR,Myanmar,Asia,2021,31859036.0,24.05,407727.0,16653.0,54179312,7525.510844434495,307.36824417408627,5.83599281,East Asia & Pacific,Lower middle income
NAM,Namibia,Africa,2021,630212.0,11.05,124174.0,3416.0,2567024,48372.746028085436,1330.7238265010378,9.33766365,Sub-Saharan Africa,Upper middle income
NRU,Nauru,Oceania,2021,14863.0,57.13,0.0,0.0,12691,0.0,0.0,12.00061035,East Asia & Pacific,High income
NPL,Nepal,Asia,2021,21988516.0,31.88,569090.0,8865.0,30547586,18629.62264841484,290.20296399198287,5.32333136,South Asia,Lower middle income
NLD,Netherlands,Europe,2021,28006524.0,65.97,2312304.0,9421.0,17564020,131650.0436688184,536.3806235702306,11.12490749,Europe & Central Asia,High income
NCL,New Caledonia,Oceania,2021,355717.0,59.74,12679.0,280.0,289959,43726.87173014116,965.6537648426157,,East Asia & Pacific,High income
NZL,New Zealand,Oceania,2021,8185416.0,74.37,11740.0,25.0,5185289,2264.0975266759483,4.821332041473484,10.0194025,East Asia & Pacific,High income
NIC,Nicaragua,North America,2021,7785141.0,41.82,8741.0,52.0,6948395,1257.9883555842753,7.483742648482131,9.59249973,Latin America & Caribbean,Lower middle income
NER,Niger,Africa,2021,971636.0,1.77,4159.0,173.0,26207982,158.69211143383723,6.601042384720808,5.81452751,Sub-Saharan Africa,Low income
NGA,Nigeria,Africa,2021,14838199.0,2.05,152438.0,1767.0,218541216,697.5251752969106,8.085431354056343,4.07625723,Sub-Saharan Africa,Lower middle income
NIU,Niue,Oceania,2021,2628.0,58.91,0.0,0.0,1952,0.0,0.0,,,
PRK,North Korea,Asia,2021,,,0.0,0.0,26069416,0.0,0.0,,East Asia & Pacific,Low income
MKD,North Macedonia,Europe,2021,1755026.0,39.01,141513.0,5456.0,2093606,67592.94728807618,2606.029978897653,8.5240345,Europe & Central Asia,Upper middle income
MNP,Northern Mariana Islands,Oceania,2021,,,2771.0,9.0,49574,55896.23593012466,181.5467785532739,,East Asia & Pacific,High income
NOR,Norway,Europe,2021,9789464.0,72.31,328046.0,914.0,5434324,60365.557887236755,168.19019256120907,9.8142643,Europe & Central Asia,High income
OMN,Oman,Asia,2021,6118018.0,63.42,176768.0,2989.0,4576300,38626.83827546271,653.1477394401591,4.37028217,Middle East & North Africa,High income
PAK,Pakistan,Asia,2021,156623021.0,29.93,823599.0,19089.0,235824864,3492.418000503967,80.94566313414687,2.99015832,South Asia,Lower middle income
PLW,Palau,Oceania,2021,,,8.0,0.0,18084,442.3800044238001,0.0,14.62713623,East Asia & Pacific,High income
PSE,Palestine,Asia,2021,3383211.0,28.87,319903.0,3494.0,5250076,60933.0226838621,665.5141754138416,10.4347353,Middle East & North Africa,Lower middle income
PAN,Panama,North America,2021,6193744.0,63.61,259717.0,3653.0,4408582,58911.68634268343,828.6111044322188,9.13571072,Latin America & Caribbean,High income
PNG,Papua New Guinea,Oceania,2021,504018.0,2.17,35350.0,581.0,10142625,3485.291036590626,57.28300119544989,2.33994722,East Asia & Pacific,Lower middle income
PRY,Paraguay,South America,2021,6833614.0,43.48,361242.0,14444.0,6780745,53274.67704507396,2130.1494157352918,8.03277016,Latin America & Caribbean,Upper middle income
PER,Peru,South America,2021,51093638.0,64.86,1267339.0,109931.0,34049588,37220.391624121854,3228.5559519839126,6.67921352,Latin America & Caribbean,Upper middle income
PHL,Philippines,Asia,2021,108534301.0,42.94,2369471.0,42133.0,115559008,20504.424890874798,364.60160682583916,5.97500563,East Asia & Pacific,Lower middle income
PCN,Pitcairn,Oceania,2021,94.0,100.0,0.0,0.0,47,0.0,0.0,,,
POL,Poland,Europe,2021,46987401.0,52.8,2790909.0,67123.0,39857144,70022.80444379055,1684.0895574454605,6.43857718,Europe & Central Asia,High income
PRT,Portugal,Europe,2021,20043506.0,83.15,905174.0,12193.0,10270857,88130.32836500401,1187.1453375312303,11.1236763,Europe & Central Asia,High income
PRI,Puerto Rico,North America,2021,,,170031.0,1671.0,3252412,52278.43212975478,513.7725478813877,,Latin America & Caribbean,High income
QAT,Qatar,Asia,2021,5205664.0,82.31,104893.0,370.0,2695131,38919.44398992108,137.28460694489434,2.8927927,Middle East & North Africa,High income
REU,Reunion,Africa,2021,,,62886.0,359.0,974062,64560.5721196392,368.55970153850575,,,
ROU,Romania,Europe,2021,15824909.0,39.76,1188636.0,43428.0,19659270,60461.858451509135,2209.0342113415195,6.46980715,Europe & Central Asia,High income
RUS,Russia,Europe,2021,146364014.0,46.14,7341772.0,249440.0,144713312,50733.2179640806,1723.6838584690813,6.97584295,Europe & Central Asia,High income
RWA,Rwanda,Africa,2021,12588963.0,39.45,96695.0,1273.0,13776702,7018.73351111173,92.40237612746505,7.30378389,Sub-Saharan Africa,Low income
BLM,Saint Barthelemy,North America,2021,,,1537.0,4.0,10994,139803.5291977442,363.8348189921776,,,
SHN,Saint Helena,Africa,2021,7892.0,65.38,0.0,0.0,5401,0.0,0.0,,,
KNA,Saint Kitts and Nevis,North America,2021,54868.0,53.73,2806.0,28.0,47681,58849.436882615715,587.2360059562509,6.17941952,Latin America & Caribbean,High income
LCA,Saint Lucia,North America,2021,104994.0,27.42,12970.0,290.0,179872,72106.83152463974,1612.2576054082904,5.67880821,Latin America & Caribbean,Upper middle income
MAF,Saint Martin (French part),North America,2021,,,3132.0,27.0,31816,98441.03595675131,848.6296203168217,,Latin America & Caribbean,High income
SPM,Saint Pierre and Miquelon,North America,2021,,,82.0,0.0,5885,13933.72982158029,0.0,,,
VCT,Saint Vincent and the Grenadines,North America,2021,61198.0,25.24,5735.0,81.0,103959,55165.978895526125,779.1533200588693,5.36252117,Latin America & Caribbean,Upper middle income
WSM,Samoa,Oceania,2021,263189.0,54.75,1.0,0.0,222390,4.496605063177301,0.0,6.81255674,East Asia & Pacific,Lower middle income
SMR,San Marino,Europe,2021,53942.0,64.19,5348.0,41.0,33690,158741.4663104779,1216.9783318492134,7.51272249,Europe & Central Asia,High income
STP,Sao Tome and Principe,Africa,2021,137612.0,22.52,2730.0,40.0,227393,12005.646611813028,175.90691006319457,7.85889721,Sub-Saharan Africa,Lower middle income
SAU,Saudi Arabia,Asia,2021,50894142.0,63.67,190340.0,2694.0,36408824,5227.853555500721,73.99305179425735,5.93034029,Middle East & North Africa,High income
SEN,Senegal,Africa,2021,1903098.0,5.3,55830.0,1503.0,17316452,3224.1015653784043,86.79607115822571,4.44256258,Sub-Saharan Africa,Lower middle income
SRB,Serbia,Europe,2021,8239799.0,46.68,966126.0,9585.0,6871547,140598.03418356887,1394.882404209707,10.00950623,Europe & Central Asia,Upper middle income
SYC,Seychelles,Africa,2021,183472.0,73.05,24170.0,126.0,107135,225603.21090213282,1176.0862463247304,5.20266438,Sub-Saharan Africa,High income
SLE,Sierra Leone,Africa,2021,868726.0,4.2,4110.0,47.0,8605723,477.58915781974395,5.4614818534131295,8.55334377,Sub-Saharan Africa,Low income
SGP,Singapore,Asia,2021,11795254.0,83.1,219245.0,793.0,5637022,38893.763409119216,140.67711639230785,5.16690779,East Asia & Pacific,High income
SXM,Sint Maarten (Dutch part),North America,2021,52304.0,56.94,3378.0,49.0,44192,76439.17451122375,1108.7979724837073,,Latin America & Caribbean,High income
SVK,Slovakia,Europe,2021,5000849.0,43.44,658106.0,14625.0,5643455,116614.02456473916,2591.4975843698585,7.75624657,Europe & Central Asia,High income
SVN,Slovenia,Europe,2021,2761948.0,56.09,341431.0,3208.0,2119843,161064.2863646034,1513.31961848118,9.48055363,Europe & Central Asia,High income
SLB,Solomon Islands,Oceania,2021,235918.0,7.72,5.0,0.0,724272,6.903483774051738,0.0,4.94758463,East Asia & Pacific,Lower middle income
SOM,Somalia,Africa,2021,1504914.0,4.6,18842.0,1206.0,17597508,1070.719786006064,68.53243084191239,2.56882048,Sub-Saharan Africa,Low income
ZAF,South Africa,Africa,2021,27903338.0,26.44,2413026.0,64252.0,59893884,40288.353982854074,1072.7639570010185,8.67432785,Sub-Saharan Africa,Upper middle income
KOR,South Korea,Asia,2021,103955630.0,81.67,554812.0,4492.0,51815808,10707.38875672845,86.69169069022334,8.95732689,East Asia & Pacific,High income
SSD,South Sudan,Africa,2021,268640.0,1.66,11305.0,72.0,10913172,1035.9041349297893,6.5975318633299285,6.25598812,Sub-Saharan Africa,Low income
ESP,Spain,Europe,2021,83529796.0,79.63,4180589.0,37311.0,47558632,87903.89513306439,784.5263505476777,10.30862141,Europe & Central Asia,High income
LKA,Sri Lanka,Asia,2021,33841264.0,63.41,542595.0,14693.0,21832150,24853.026385399513,672.9983075418592,4.02830219,South Asia,Lower middle income
SDN,Sudan,Africa,2021,3276654.0,2.63,21591.0,1778.0,46874200,460.61586117736414,37.93131402775941,2.83127832,Sub-Saharan Africa,Low income
SUR,Suriname,South America,2021,489798.0,36.93,45683.0,1067.0,618046,73915.21019471042,1726.4087139144983,5.46009398,Latin America & Caribbean,Upper middle income
SWE,Sweden,Europe,2021,17617810.0,68.78,868479.0,5979.0,10549349,82325.36434238739,566.7648307018756,11.10180569,Europe & Central Asia,High income
CHE,Switzerland,Europe,2021,13846441.0,,818311.0,4646.0,8740471,93623.2154994851,531.5503020374988,12.00465584,Europe & Central Asia,High income
SYR,Syria,Asia,2021,1753522.0,3.53,39119.0,2202.0,22125242,1768.0710565787258,99.52433514625513,4.70613527,Middle East & North Africa,Low income
TWN,Taiwan,Asia,2021,34872136.0,67.63,,,23893396,,,,,
TJK,Tajikistan,Asia,2021,6605225.0,29.09,3938.0,35.0,9952789,395.6679881388021,3.5166022307917912,8.37504482,Europe & Central Asia,Lower middle income
TZA,Tanzania,Africa,2021,2431769.0,2.51,28797.0,716.0,65497752,439.66394449690426,10.931672891613136,3.47258258,Sub-Saharan Africa,Lower middle income
THA,Thailand,Asia,2021,105160269.0,64.6,2203829.0,21520.0,71697024,30738.081959998784,300.15192820276616,5.15337038,East Asia & Pacific,Upper middle income
TGO,Togo,Africa,2021,2413619.0,11.54,24437.0,178.0,8848700,2761.6486037497034,20.11594923548092,5.6165967,Sub-Saharan Africa,Low income
TKL,Tokelau,Oceania,2021,1936.0,51.14,0.0,0.0,1893,0.0,0.0,,,
TON,Tonga,Oceania,2021,130236.0,52.99,1.0,0.0,106867,9.357425585073035,0.0,7.63286686,East Asia & Pacific,Upper middle income
TTO,Trinidad and Tobago,North America,2021,1408384.0,43.68,81847.0,2593.0,1531043,53458.328734072136,1693.6167044295948,7.12624598,Latin America & Caribbean,High income
TUN,Tunisia,Africa,2021,12156566.0,47.93,592565.0,21097.0,12356116,47957.22215621803,1707.413559406532,6.97669458,Middle East & North Africa,Lower middle income
TUR,Turkey,Asia,2021,131646005.0,60.47,7153613.0,61679.0,85341248,83823.62770228062,722.7337476949012,4.56065559,Europe & Central Asia,Upper middle income
TKM,Turkmenistan,Asia,2021,51746.0,0.3,0.0,0.0,6430777,0.0,0.0,5.49196625,Europe & Central Asia,Upper middle income
TCA,Turks and Caicos Islands,North America,2021,56343.0,59.34,2391.0,20.0,45726,52289.72575777457,437.3879193456676,,Latin America & Caribbean,High income
TUV,Tuvalu,Oceania,2021,12114.0,51.91,0.0,0.0,11335,0.0,0.0,19.54603577,East Asia & Pacific,Upper middle income
UGA,Uganda,Africa,2021,9763030.0,2.98,101276.0,2982.0,47249588,2143.4260971757044,63.11166141808474,5.48128128,Sub-Saharan Africa,Low income
UKR,Ukraine,Europe,2021,28457565.0,34.65,2617976.0,77255.0,39701744,65941.08309196694,1945.8842916321257,8.2027483,Europe & Central Asia,Upper middle income
ARE,United Arab Emirates,Asia,2021,22406584.0,95.96,548638.0,1501.0,9441138,58111.42682163951,158.9850715030328,5.30494308,Middle East & North Africa,High income
GBR,United Kingdom,Europe,2021,133312817.0,70.26,10230346.0,85684.0,67508936,151540.619748473,1269.2245660633725,12.01903439,Europe & Central Asia,High income
USA,United States,North America,2021,521797692.0,63.36,32988414.0,469667.0,338289856,97515.23261755741,1388.3567351188917,17.5063858,North America,High income
VIR,United States Virgin Islands,North America,2021,,,6028.0,65.0,99479,60595.703615838516,653.4042360699243,,Latin America & Caribbean,High income
URY,Uruguay,South America,2021,6988225.0,78.43,390891.0,6019.0,3422796,114202.24868791479,1758.5038664296674,8.91666222,Latin America & Caribbean,High income
UZB,Uzbekistan,Asia,2021,39036802.0,32.06,116776.0,860.0,34627648,3372.334153333198,24.835645782237364,7.69774151,Europe & Central Asia,Lower middle income
VUT,Vanuatu,Oceania,2021,152711.0,15.43,6.0,0.0,326744,18.362999779644003,0.0,4.54704428,East Asia & Pacific,Lower middle income
VAT,Vatican,Europe,2021,,,0.0,0.0,808,0.0,0.0,,,
VEN,Venezuela,South America,2021,30049714.0,41.02,331396.0,4302.0,28301700,11709.402615390594,152.00500323302134,4.10222006,Latin America & Caribbean,
VNM,Vietnam,Asia,2021,150935915.0,69.7,1650233.0,31179.0,98186856,16807.06631445659,317.54759516895007,4.53756857,East Asia & Pacific,Lower middle income
WLF,Wallis and Futuna,Oceania,2021,11939.0,51.08,449.0,7.0,11596,38720.24836150397,603.6564332528458,,,
YEM,Yemen,Asia,2021,547019.0,0.64,8015.0,1376.0,33696612,237.85774071292388,40.83496584166978,6.17542744,Middle East & North Africa,Low income
ZMB,Zambia,Africa,2021,1730165.0,6.08,211910.0,3315.0,20017670,10586.147139002693,165.60368914064424,6.63951397,Sub-Saharan Africa,Lower middle income
ZWE,Zimbabwe,Africa,2021,7264791.0,19.21,190783.0,4544.0,16320539,11689.748727048782,278.4221771106947,2.78571677,Sub-Saharan Africa,Lower middle income
AFG,Afghanistan,Asia,2022,12449870.0,26.15,49420.0,493.0,41128772,1201.5919172106574,11.98674251689304,23.0881691,South Asia,Low income
ALB,Albania,Europe,2022,3025728.0,44.68,125449.0,409.0,2842318,44136.159289706506,143.8966364776918,6.19368076,Europe & Central Asia,Upper middle income
DZA,Algeria,Africa,2022,15267442.0,14.43,54818.0,652.0,44903228,1220.8031012826073,14.52011423321281,3.6230433,Middle East & North Africa,Upper middle income
ASM,American Samoa,Oceania,2022,,,8255.0,34.0,44295,186364.14945253415,767.5809910825149,,East Asia & Pacific,High income
AND,Andorra,Europe,2022,156242.0,66.99,25956.0,19.0,79843,325087.98517089785,237.96701025763062,7.53678846,Europe & Central Asia,High income
AGO,Angola,Africa,2022,23701049.0,23.19,33928.0,183.0,35588996,953.3283827394288,5.142038848187793,2.92737579,Sub-Saharan Africa,Lower middle income
AIA,Anguilla,North America,2022,24441.0,65.33,2258.0,7.0,15877,142218.30320589532,440.8893367764691,,,
ATG,Antigua and Barbuda,North America,2022,136512.0,66.53,4877.0,28.0,93772,52009.12852450625,298.59659599880564,5.7299943,Latin America & Caribbean,High income
ARG,Argentina,South America,2022,112937078.0,76.48,4331223.0,12294.0,45510324,95170.12008088538,270.13650792730016,9.86305332,Latin America & Caribbean,Upper middle income
ARM,Armenia,Asia,2022,2150112.0,35.45,101102.0,765.0,2780472,36361.452300185,275.1331428620752,9.96212864,Europe & Central Asia,Upper middle income
ABW,Aruba,North America,2022,174138.0,78.89,26587.0,99.0,106459,249739.33627030122,929.9354681144854,,Latin America & Caribbean,High income
AUS,Australia,Oceania,2022,63583562.0,82.7,10327434.0,15439.0,26177410,394517.02823159355,589.783328449988,9.92687893,East Asia & Pacific,High income
AUT,Austria,Europe,2022,20351827.0,74.73,4426257.0,4984.0,8939617,495128.2588504631,557.5182918910284,11.15729332,Europe & Central Asia,High income
AZE,Azerbaijan,Asia,2022,13857111.0,46.94,211774.0,1722.0,10358078,20445.298828605075,166.247058575925,3.97840643,Europe & Central Asia,Upper middle income
BHS,Bahamas,North America,2022,364701.0,40.4,13861.0,120.0,409989,33808.22412308623,292.69077950871855,7.21692038,Latin America & Caribbean,High income
BHR,Bahrain,Asia,2022,3476633.0,83.33,417096.0,142.0,1472237,283307.64679871517,96.45186203036603,3.83745313,Middle East & North Africa,High income
BGD,Bangladesh,Asia,2022,334842984.0,73.41,453771.0,1379.0,171186368,2650.7426105331006,8.05554797447423,2.39038587,South Asia,Lower middle income
BRB,Barbados,North America,2022,380980.0,55.03,77886.0,308.0,281646,276538.63360388577,1093.5713626325244,6.29389191,Latin America & Caribbean,High income
BLR,Belarus,Europe,2022,17358735.0,66.42,301436.0,1634.0,9534956,31613.779864322394,171.36943264342278,6.65919876,Europe & Central Asia,Upper middle income
BEL,Belgium,Europe,2022,29498086.0,78.61,2631362.0,5048.0,11655923,225753.20718916896,433.0845356476703,10.76192474,Europe & Central Asia,High income
BLZ,Belize,North America,2022,501831.0,54.59,38174.0,96.0,405285,94190.50791418385,236.87035049409675,4.23173904,Latin America & Caribbean,Upper middle income
BEN,Benin,Africa,2022,4232541.0,20.54,3050.0,2.0,13352864,228.41541709703625,0.14978060137510577,2.67981386,Sub-Saharan Africa,Lower middle income
BMU,Bermuda,North America,2022,132042.0,74.22,12493.0,46.0,64207,194573.80036444624,716.4327877022755,,North America,High income
BTN,Bhutan,Asia,2022,2011426.0,86.61,59871.0,18.0,782457,76516.66481352969,23.004459030975504,4.38545895,South Asia,Lower middle income
BOL,Bolivia,South America,2022,14690530.0,50.4,571494.0,2750.0,12224114,46751.36373891801,224.96517948049242,8.43142891,Latin America & Caribbean,Lower middle income
BES,Bonaire Sint Eustatius and Saba,North America,2022,,,8477.0,17.0,27052,313359.4558627828,628.4193405293508,,,
BIH,Bosnia and Herzegovina,Europe,2022,1924950.0,26.17,113244.0,2939.0,3233530,35021.787334584806,908.9137877180667,8.71644783,Europe & Central Asia,Upper middle income
BWA,Botswana,Africa,2022,3121142.0,54.22,115549.0,347.0,2630300,43929.96996540319,131.9241151199483,5.72838593,Sub-Saharan Africa,Upper middle income
BRA,Brazil,South America,2022,480333910.0,81.22,13893600.0,74351.0,215313504,64527.304334799184,345.3150806556007,9.14277458,Latin America & Caribbean,Upper middle income
VGB,British Virgin Islands,North America,2022,41453.0,58.28,4234.0,25.0,31332,135133.40993233756,797.9062938848461,,Latin America & Caribbean,High income
BRN,Brunei,Asia,2022,1283392.0,99.32,253168.0,87.0,449002,563846.0407748742,193.7630567347139,1.81768215,East Asia & Pacific,High income
BGR,Bulgaria,Europe,2022,4603029.0,30.59,546735.0,7508.0,6781955,80616.13502301328,1107.0554139624933,7.66357517,Europe & Central Asia,High income
BFA,Burkina Faso,Africa,2022,5117982.0,14.71,4966.0,78.0,22673764,219.019656374654,3.440099314785141,6.77182007,Sub-Saharan Africa,Low income
BDI,Burundi,Africa,2022,30480.0,0.22,25052.0,1.0,12889583,1943.5849864188779,0.07758202883677463,8.39522648,Sub-Saharan Africa,Low income
KHM,Cambodia,Asia,2022,45217130.0,87.11,18046.0,48.0,16767851,1076.2261663703953,2.8626208570197815,4.71089554,East Asia & Pacific,Lower middle income
CMR,Cameroon,Africa,2022,4003595.0,9.78,15317.0,114.0,27914542,548.7104176740568,4.083892904279067,4.47835922,Sub-Saharan Africa,Lower middle income
CAN,Canada,North America,2022,96303716.0,82.52,2514662.0,18901.0,38454328,65393.47144487871,491.51814588984627,11.23432541,North America,High income
CPV,Cape Verde,Africa,2022,859940.0,52.05,24177.0,60.0,593162,40759.522693631756,101.15280479868906,6.67440224,Sub-Saharan Africa,Lower middle income
CYM,Cayman Islands,North America,2022,150126.0,88.09,23086.0,26.0,68722,335933.1800587876,378.33590407729696,,Latin America & Caribbean,High income
CAF,Central African Republic,Africa,2022,2354281.0,34.68,3092.0,12.0,5579148,554.2064845743472,2.150866046213508,9.95509052,Sub-Saharan Africa,Low income
TCD,Chad,Africa,2022,3891785.0,20.45,1948.0,13.0,17723312,109.91173658738276,0.7334972154188789,4.52549791,Sub-Saharan Africa,Low income
CHL,Chile,South America,2022,62623838.0,90.27,3207034.0,23999.0,19603736,163593.00084432884,1224.205426965554,10.06172848,Latin America & Caribbean,High income
CHN,China,Asia,2022,3478094000.0,89.35,62314792.0,33296.0,1425887360,43702.46468837483,23.351073117023773,5.36948681,East Asia & Pacific,Upper middle income
COL,Colombia,South America,2022,89787647.0,71.09,1220085.0,12390.0,51874028,23520.151548670947,238.84784886957303,7.57361269,Latin America & Caribbean,Upper middle income
COM,Comoros,Africa,2022,835021.0,47.45,3379.0,7.0,836783,4038.083947690142,8.365370711403077,8.3803854,Sub-Saharan Africa,Lower middle income
COG,Congo,Africa,2022,833210.0,10.96,4974.0,19.0,5970430,833.1058231986641,3.1823503499747927,2.19224548,Sub-Saharan Africa,Lower middle income
COK,Cook Islands,Oceania,2022,40781.0,86.4,6625.0,1.0,17032,388973.69657116017,58.71301080319399,,,
CRI,Costa Rica,North America,2022,12606343.0,82.82,592164.0,1723.0,5180836,114298.92781782708,332.5718088740891,7.18368196,Latin America & Caribbean,Upper middle income
CIV,Cote d'Ivoire,Africa,2022,23755644.0,41.41,24086.0,123.0,28160548,855.3100600172979,4.367812728644344,3.6424129,Sub-Saharan Africa,Lower middle income
HRV,Croatia,Europe,2022,5354058.0,55.84,568664.0,5236.0,4030361,141095.05327190293,1299.1392086217586,7.21545315,Europe & Central Asia,High income
CUB,Cuba,North America,2022,42712334.0,89.22,147220.0,210.0,11212198,13130.342507329962,18.729601457270018,11.78683186,Latin America & Caribbean,Upper middle income
CUW,Curacao,North America,2022,256029.0,52.29,27408.0,113.0,191173,143367.52574892898,591.0876535912498,,Latin America & Caribbean,High income
CYP,Cyprus,Europe,2022,1797542.0,72.1,478661.0,618.0,896007,534215.6925113308,689.7267543668744,8.87060547,Europe & Central Asia,High income
CZE,Czechia,Europe,2022,18601405.0,65.69,2091075.0,6111.0,10493990,199264.05494954734,582.3333164983004,8.79904652,Europe & Central Asia,High income
COD,Democratic Republic of Congo,Africa,2022,9988117.0,6.92,20026.0,257.0,99010216,202.26195648335926,2.5956917415471548,3.78614616,Sub-Saharan Africa,Low income
DNK,Denmark,Europe,2022,14929608.0,80.09,2684288.0,4515.0,5882259,456336.24768987566,767.5622579692597,9.4758625,Europe & Central Asia,High income
DJI,Djibouti,Africa,2022,338051.0,26.5,2122.0,0.0,1120851,1893.204359901539,0.0,2.49675012,Middle East & North Africa,Lower middle income
DMA,Dominica,North America,2022,67647.0,42.14,9201.0,29.0,72758,126460.32051458259,398.5815992743066,6.31969738,Latin America & Caribbean,Upper middle income
DOM,Dominican Republic,North America,2022,16171774.0,54.07,244700.0,147.0,11228821,21792.136503022,13.091312079870185,4.57254791,Latin America & Caribbean,Upper middle income
TLS,East Timor,Asia,2022,1984560.0,58.93,3555.0,16.0,1341298,2650.417729691687,11.928743649807872,14.32454681,East Asia & Pacific,Lower middle income
ECU,Ecuador,South America,2022,39296436.0,78.97,499095.0,2287.0,18001002,27725.95658841658,127.04848318999132,7.53457022,Latin America & Caribbean,Upper middle income
EGY,Egypt,Africa,2022,100993230.0,36.12,134994.0,3231.0,110990096,1216.2706841878935,29.11070551736436,4.70438385,Middle East & North Africa,Lower middle income
SLV,El Salvador,North America,2022,11289175.0,68.56,80044.0,412.0,6336393,12632.423525497867,65.02121948559693,9.84079742,Latin America & Caribbean,Upper middle income
GNQ,Equatorial Guinea,Africa,2022,488738.0,12.78,3557.0,8.0,1674916,2123.6885909502325,4.776358933821159,2.91350007,Sub-Saharan Africa,Upper middle income
ERI,Eritrea,Africa,2022,,,2316.0,31.0,3684041,628.657498654331,8.41467290944916,3.87447667,Sub-Saharan Africa,Low income
EST,Estonia,Europe,2022,2101403.0,64.93,367408.0,899.0,1326064,277066.5669228635,677.9461624778291,6.98701143,Europe & Central Asia,High income
SWZ,Eswatini,Africa,2022,773579.0,28.47,9640.0,150.0,1201680,8022.102389987351,124.82524465747953,7.2226615,Sub-Saharan Africa,Lower middle income
ETH,Ethiopia,Africa,2022,52509414.0,29.75,101346.0,678.0,123379928,821.4139985557456,5.4952212324195875,2.85274577,Sub-Saharan Africa,Low income
FLK,Falkland Islands,South America,2022,,,1842.0,0.0,3801,484609.3133385951,0.0,,,
FRO,Faroe Islands,Europe,2022,103894.0,76.99,29508.0,15.0,53117,555528.36191803,282.3954666114427,,Europe & Central Asia,High income
FJI,Fiji,Oceania,2022,1551184.0,68.89,15758.0,184.0,929769,16948.295759484346,197.8986178287295,4.00910091,East Asia & Pacific,Upper middle income
FIN,Finland,Europe,2022,13149072.0,78.44,1133314.0,6862.0,5540745,204541.8080059631,1238.461614818946,9.6589222,Europe & Central Asia,High income
FRA,France,Europe,2022,153458028.0,78.38,29279621.0,37502.0,67813000,431770.02934540575,553.0208072198546,11.8819046,Europe & Central Asia,High income
GUF,French Guiana,South America,2022,,,50547.0,76.0,304568,165962.93766909195,249.5337658585275,,,
PYF,French Polynesia,Oceania,2022,497169.0,60.75,31528.0,13.0,306292,102934.45470335496,42.44315881577057,,East Asia & Pacific,High income
GAB,Gabon,Africa,2022,572672.0,10.77,10109.0,19.0,2388997,4231.4829194009035,7.953128446791687,2.85591531,Sub-Saharan Africa,Upper middle income
GMB,Gambia,Africa,2022,815861.0,16.79,2450.0,30.0,2705995,905.3970905341658,11.086494986132642,3.41435836,Sub-Saharan Africa,Low income
GEO,Georgia,Asia,2022,2930677.0,34.08,884811.0,3386.0,3744385,236303.42499502588,904.2873529297868,7.25569582,Europe & Central Asia,Upper middle income
DEU,Germany,Europe,2022,191587054.0,76.23,30227893.0,48046.0,83369840,362575.8787590332,576.2995346998388,12.60513115,Europe & Central Asia,High income
GHA,Ghana,Africa,2022,21400939.0,27.43,29743.0,174.0,33475870,888.490724811633,5.1977737994561455,3.6993649,Sub-Saharan Africa,Lower middle income
GIB,Gibraltar,Europe,2022,132810.0,100.0,12133.0,10.0,32677,371300.9150166784,306.02564494904675,,Europe & Central Asia,High income
GRC,Greece,Europe,2022,22017133.0,73.6,3938076.0,14471.0,10384972,379209.11101156555,1393.4558513975774,8.49983692,Europe & Central Asia,High income
GRL,Greenland,North America,2022,79738.0,68.17,9830.0,20.0,56494,174000.77884377103,354.0198959181506,,Europe & Central Asia,High income
GRD,Grenada,North America,2022,90507.0,31.07,13704.0,38.0,125459,109230.90412007109,302.8877960130401,4.94846392,Latin America & Caribbean,Upper middle income
GLP,Guadeloupe,North America,2022,,,144193.0,168.0,395762,364342.7110232918,424.4975515587651,,,
GUM,Guam,Oceania,2022,,,34678.0,141.0,171783,201870.9651129623,820.8029898185501,,East Asia & Pacific,High income
GTM,Guatemala,North America,2022,19955569.0,39.38,570615.0,3895.0,17843914,31978.12991028762,218.2817065807423,7.44098806,Latin America & Caribbean,Upper middle income
GGY,Guernsey,Europe,2022,178525.0,83.23,27148.0,37.0,63329,428681.96245006233,584.2505013500923,,,
GIN,Guinea,Africa,2022,8749048.0,23.77,7081.0,77.0,13859349,510.918658589231,5.555816510573476,3.95847702,Sub-Saharan Africa,Lower middle income
GNB,Guinea-Bissau,Africa,2022,592609.0,17.16,2481.0,27.0,2105580,1178.2976662012368,12.823070127945744,8.11358356,Sub-Saharan Africa,Low income
GUY,Guyana,South America,2022,953690.0,47.0,32962.0,244.0,808727,40757.88244982546,301.70873483882696,3.00636959,Latin America & Caribbean,High income
HTI,Haiti,North America,2022,510611.0,2.05,7938.0,94.0,11585003,685.1961971870011,8.113938339075096,3.20848918,Latin America & Caribbean,Lower middle income
HND,Honduras,North America,2022,16788825.0,55.19,84612.0,634.0,10432858,8110.145848817266,60.769541768899764,8.28209972,Latin America & Caribbean,Lower middle income
HKG,Hong Kong,Asia,2022,20338748.0,90.64,,,7488863,,,,East Asia & Pacific,High income
HUN,Hungary,Europe,2022,16701238.0,62.28,944089.0,10132.0,9967304,94718.59190810274,1016.5236256464134,6.68981791,Europe & Central Asia,High income
ISL,Iceland,Europe,2022,805469.0,77.82,183007.0,149.0,372903,490763.01343781094,399.56771600121215,9.28593922,Europe & Central Asia,High income
IND,India,Asia,2022,2200989986.0,67.12,9890304.0,51011.0,1417173120,6978.896128089135,35.99489665736815,3.3058846,South Asia,Lower middle income
IDN,Indonesia,Asia,2022,443173913.0,62.63,2454365.0,16482.0,275501344,8908.722419880463,59.82547947207111,2.69394851,East Asia & Pacific,Upper middle income
IRN,Iran,Asia,2022,154773070.0,66.08,1377826.0,13325.0,88550568,15559.764675930708,150.47898958705719,5.34889174,Middle East & North Africa,Upper middle income
IRQ,Iraq,Asia,2022,19552980.0,17.85,373061.0,1252.0,44496124,8384.123525006358,28.13728224957302,4.29332495,Middle East & North Africa,Upper middle income
IRL,Ireland,Europe,2022,11109230.0,80.88,993671.0,2383.0,5023108,197819.95529461044,474.4074783978366,6.11978531,Europe & Central Asia,High income
IMN,Isle of Man,Europe,2022,189994.0,79.38,24095.0,49.0,84534,285033.2410627676,579.6484254856034,,Europe & Central Asia,High income
ISR,Israel,Asia,2022,18609154.0,65.18,3391936.0,3775.0,9449000,358973.01301725046,399.51317599746005,7.34161806,Middle East & North Africa,High income
ITA,Italy,Europe,2022,144048328.0,81.2,19438072.0,47638.0,59037472,329249.7348124933,806.9112444381087,9.02753067,Europe & Central Asia,High income
JAM,Jamaica,North America,2022,1506682.0,26.3,60436.0,1001.0,2827382,21375.251027275408,354.03776355653395,7.77706337,Latin America & Caribbean,Upper middle income
JPN,Japan,Asia,2022,373165262.0,83.22,26534616.0,37426.0,123951696,214072.23020167468,301.9402009634463,11.42183685,East Asia & Pacific,High income
JEY,Jersey,Europe,2022,266239.0,73.86,47914.0,57.0,110796,432452.43510596047,514.4590057402794,,,
JOR,Jordan,Asia,2022,10057975.0,40.39,695576.0,1678.0,11285875,61632.4387785617,148.6814270049952,6.82820034,Middle East & North Africa,Lower middle income
KAZ,Kazakhstan,Asia,2022,20918681.0,54.72,422357.0,872.0,19397998,21773.226288609785,44.95309258202831,3.74026752,Europe & Central Asia,Upper middle income
KEN,Kenya,Africa,2022,23063539.0,20.05,61112.0,329.0,54027484,1131.128001444598,6.089493266056957,4.32603645,Sub-Saharan Africa,Lower middle income
KIR,Kiribati,Oceania,2022,193491.0,56.3,3430.0,13.0,131237,26135.922034182433,99.05743045025412,10.49855042,East Asia & Pacific,Lower middle income
KWT,Kuwait,Asia,2022,8255386.0,78.32,248007.0,102.0,4268886,58096.42140830184,23.893821479421096,4.26875782,Middle East & North Africa,High income
KGZ,Kyrgyzstan,Asia,2022,3369942.0,20.53,19564.0,164.0,6630621,2950.553198561643,24.733731576574804,4.92258883,Europe & Central Asia,Lower middle income
LAO,Laos,Asia,2022,11111066.0,69.36,111411.0,346.0,7529477,14796.645238440864,45.95272686270241,2.01825476,East Asia & Pacific,Lower middle income
LVA,Latvia,Europe,2022,2895716.0,70.57,699090.0,2196.0,1850654,377752.94571540656,1186.6075452245532,7.62168407,Europe & Central Asia,High income
LBN,Lebanon,Asia,2022,5814699.0,43.98,510867.0,1717.0,5489744,93058.43769764128,312.76503968126747,5.73500204,Middle East & North Africa,Lower middle income
LSO,Lesotho,Africa,2022,1259488.0,40.16,6308.0,41.0,2305826,2735.6791015453896,17.781046791908842,12.65127754,Sub-Saharan Africa,Lower middle income
LBR,Liberia,Africa,2022,4460668.0,70.36,1822.0,7.0,5302690,343.5991921081564,1.3200847117217864,13.47386169,Sub-Saharan Africa,Low income
LBY,Libya,Africa,2022,3716080.0,18.05,122458.0,796.0,6812344,17975.897870101686,116.84671237976238,4.65005827,Middle East & North Africa,Upper middle income
LIE,Liechtenstein,Europe,2022,74154.0,,15222.0,18.0,39355,386786.93939778936,457.375174691907,,Europe & Central Asia,High income
LTU,Lithuania,Europe,2022,4539926.0,68.36,770216.0,2167.0,2750058,280072.6384679887,787.9833807141522,7.24335003,Europe & Central Asia,High income
LUX,Luxembourg,Europe,2022,1371220.0,,268979.0,320.0,647601,415346.7953261344,494.1314173387626,5.55154753,Europe & Central Asia,High income
MAC,Macao,Asia,2022,1785391.0,91.87,,,695180,,,,East Asia & Pacific,High income
MDG,Madagascar,Africa,2022,2426238.0,6.84,17456.0,389.0,29611718,589.49636086633,13.136691359819109,3.25023246,Sub-Saharan Africa,Low income
MWI,Malawi,Africa,2022,6367571.0,15.16,17566.0,357.0,20405318,860.8540185455576,17.495439179139478,6.50023508,Sub-Saharan Africa,Low income
MYS,Malaysia,Asia,2022,72357376.0,81.14,2282127.0,5501.0,33938216,67243.57579667712,162.08866134861066,3.90591931,East Asia & Pacific,Upper middle income
MDV,Maldives,Asia,2022,951419.0,73.52,90814.0,50.0,523798,173375.9960900958,95.45664550074648,9.65276241,South Asia,Upper middle income
MLI,Mali,Africa,2022,4468360.0,11.83,12757.0,90.0,22593598,564.6289714458052,3.9834292882435105,3.67284775,Sub-Saharan Africa,Low income
MLT,Malta,Europe,2022,1376966.0,88.38,68801.0,341.0,533293,129011.63150463255,639.4233563913272,9.52376747,Middle East & North Africa,High income
MHL,Marshall Islands,Oceania,2022,,,15540.0,17.0,41593,373620.5611521169,408.72262159497996,11.73604298,East Asia & Pacific,Upper middle income
MTQ,Martinique,North America,2022,,,179562.0,304.0,367512,488588.1277346046,827.1838742680511,,,
MRT,Mauritania,Africa,2022,4066473.0,32.46,22975.0,135.0,4736146,4850.990657804889,28.50418884890795,4.48389912,Sub-Saharan Africa,Lower middle income
MUS,Mauritius,Africa,2022,2612729.0,83.74,201116.0,277.0,1299478,154766.76019139992,213.1625160256657,5.82381678,Sub-Saharan Africa,Upper middle income
MYT,Mayotte,Africa,2022,,,20681.0,2.0,326113,63416.66845541269,6.132843523563918,,,
MEX,Mexico,North America,2022,223158993.0,64.19,3243611.0,28067.0,127504120,25439.26423710857,220.12622023507944,5.72145176,Latin America & Caribbean,Upper middle income
FSM,Micronesia (country),Oceania,2022,,,22069.0,58.0,114178,193285.92198146755,507.9787699907162,10.34470272,East Asia & Pacific,Lower middle income
MDA,Moldova,Europe,2022,2266205.0,32.81,221751.0,1745.0,3272993,67751.74893438513,533.151155532566,6.96505404,Europe & Central Asia,Upper middle income
MCO,Monaco,Europe,2022,,,11834.0,27.0,36491,324299.1422542545,739.9084705817872,3.39779735,Europe & Central Asia,High income
MNG,Mongolia,Asia,2022,5492919.0,64.02,316364.0,155.0,3398373,93092.78292877208,45.61006104980236,8.85170174,East Asia & Pacific,Upper middle income
MNE,Montenegro,Europe,2022,679171.0,45.43,85963.0,340.0,627082,137084.14529519266,542.1938438673092,10.92241859,Europe & Central Asia,Upper middle income
MSR,Montserrat,North America,2022,4619.0,44.23,1358.0,7.0,4413,307727.1697258101,1586.222524359846,,,
MAR,Morocco,Africa,2022,55357504.0,62.78,315657.0,1467.0,37457976,8426.963592480277,39.16388862014328,5.68049145,Middle East & North Africa,Lower middle income
MOZ,Mozambique,Africa,2022,29140427.0,55.96,66108.0,270.0,32969520,2005.124733390113,8.18938219300736,8.77717781,Sub-Saharan Africa,Low income
MMR,Myanmar,Asia,2022,64549994.0,50.84,103999.0,236.0,54179312,1919.5334189551909,4.355906180573132,5.20476246,East Asia & Pacific,Lower middle income
NAM,Namibia,Africa,2022,972893.0,20.49,24181.0,471.0,2567024,9419.857391282669,183.48094914578127,9.29635525,Sub-Saharan Africa,Upper middle income
NRU,Nauru,Oceania,2022,25172.0,67.65,4621.0,1.0,12691,364116.30289181304,78.79599716334411,18.17031097,East Asia & Pacific,High income
NPL,Nepal,Asia,2022,60184003.0,78.75,173695.0,434.0,30547586,5686.046681397345,14.207341948394875,6.65589333,South Asia,Lower middle income
NLD,Netherlands,Europe,2022,39558523.0,66.98,5480565.0,2016.0,17564020,312033.63466905645,114.78010159405422,10.10068321,Europe & Central Asia,High income
NCL,New Caledonia,Oceania,2022,469996.0,63.5,66445.0,34.0,289959,229153.08716059857,117.25795715946047,,East Asia & Pacific,High income
NZL,New Zealand,Oceania,2022,11956243.0,79.81,2014452.0,2238.0,5185289,388493.6789444137,431.6056443527063,10.02858067,East Asia & Pacific,High income
NIC,Nicaragua,North America,2022,12098543.0,85.36,1834.0,29.0,6948395,263.9458464868506,4.173625707807342,8.95364857,Latin America & Caribbean,Lower middle income
NER,Niger,Africa,2022,7187711.0,20.25,2218.0,40.0,26207982,84.6307052561315,1.5262525745019209,4.35259724,Sub-Saharan Africa,Low income
NGA,Nigeria,Africa,2022,102292641.0,27.39,30401.0,141.0,218541216,139.1087711345031,0.6451872218007609,4.27090406,Sub-Saharan Africa,Lower middle income
NIU,Niue,Oceania,2022,4920.0,83.71,335.0,0.0,1952,171618.8524590164,0.0,,,
PRK,North Korea,Asia,2022,,,0.0,0.0,26069416,0.0,0.0,,East Asia & Pacific,Low income
MKD,North Macedonia,Europe,2022,1862610.0,40.03,122279.0,1524.0,2093606,58405.92738079658,727.9306612610013,7.6204114,Europe & Central Asia,Upper middle income
MNP,Northern Mariana Islands,Oceania,2022,,,10343.0,30.0,49574,208637.5922862791,605.155928510913,,East Asia & Pacific,High income
NOR,Norway,Europe,2022,12145560.0,74.61,1099234.0,3410.0,5434324,202276.12486852088,627.4929503651236,7.94803333,Europe & Central Asia,High income
OMN,Oman,Asia,2022,7108547.0,66.62,94250.0,148.0,4576300,20595.240696632653,32.340537115136684,2.9162159,Middle East & North Africa,High income
PAK,Pakistan,Asia,2022,317080887.0,55.71,282570.0,1730.0,235824864,1198.219709351767,7.335952497358378,2.90434051,South Asia,Lower middle income
PLW,Palau,Oceania,2022,,,5960.0,9.0,18084,329573.103295731,497.6775049767751,14.28555965,East Asia & Pacific,High income
PSE,Palestine,Asia,2022,3748571.0,33.85,234785.0,808.0,5250076,44720.305001299035,153.9025339823652,9.73336029,Middle East & North Africa,Lower middle income
PAN,Panama,North America,2022,8688567.0,71.75,537401.0,1158.0,4408582,121898.83277661615,262.66949327470826,8.46561432,Latin America & Caribbean,High income
PNG,Papua New Guinea,Oceania,2022,700257.0,3.0,10562.0,79.0,10142625,1041.3477773258894,7.788910661687679,2.61825109,East Asia & Pacific,Lower middle income
PRY,Paraguay,South America,2022,9486776.0,52.06,256963.0,3068.0,6780745,37895.98340595318,452.4576576762583,7.73804235,Latin America & Caribbean,Upper middle income
PER,Peru,South America,2022,86772984.0,83.54,2165893.0,15553.0,34049588,63609.9620353703,456.7749835915783,6.0930872,Latin America & Caribbean,Upper middle income
PHL,Philippines,Asia,2022,169779996.0,63.97,1220895.0,14062.0,115559008,10565.121846667289,121.68674898974557,5.15676308,East Asia & Pacific,Lower middle income
PCN,Pitcairn,Oceania,2022,117.0,100.0,4.0,0.0,47,85106.3829787234,0.0,,,
POL,Poland,Europe,2022,57786691.0,56.76,2314550.0,24145.0,39857144,58071.14528828257,605.7885130956699,6.39626455,Europe & Central Asia,High income
PRT,Portugal,Europe,2022,28058542.0,86.7,4267920.0,6885.0,10270857,415536.89239369216,670.3432829412385,10.46883011,Europe & Central Asia,High income
PRI,Puerto Rico,North America,2022,,,878705.0,2240.0,3252412,270170.26133220515,688.7196333059895,,Latin America & Caribbean,High income
QAT,Qatar,Asia,2022,7601367.0,100.0,240191.0,71.0,2695131,89120.34331540842,26.34380295429053,2.18112326,Middle East & North Africa,High income
REU,Reunion,Africa,2022,,,414864.0,505.0,974062,425911.2869611996,518.447491022132,,,
ROU,Romania,Europe,2022,16827486.0,41.28,1502652.0,8805.0,19659270,76434.78114904571,447.88031295159993,5.7490139,Europe & Central Asia,High income
RUS,Russia,Europe,2022,183889038.0,54.54,11372272.0,89165.0,144713312,78584.83675641395,616.1492593024199,6.91986275,Europe & Central Asia,High income
RWA,Rwanda,Africa,2022,26106436.0,67.32,28408.0,121.0,13776702,2062.0319725286936,8.782943842437762,7.8792119,Sub-Saharan Africa,Low income
BLM,Saint Barthelemy,North America,2022,,,3676.0,1.0,10994,334364.1986538112,90.9587047480444,,,
SHN,Saint Helena,Africa,2022,,,2166.0,0.0,5401,401036.8450286984,0.0,,,
KNA,Saint Kitts and Nevis,North America,2022,64297.0,56.63,3726.0,18.0,47681,78144.33422117826,377.5088609718756,5.56801701,Latin America & Caribbean,High income
LCA,Saint Lucia,North America,2022,122977.0,30.56,16473.0,114.0,179872,91581.79149617505,633.7840241949831,5.01938295,Latin America & Caribbean,Upper middle income
MAF,Saint Martin (French part),North America,2022,,,8062.0,7.0,31816,253394.51848126727,220.01508674880563,,Latin America & Caribbean,High income
SPM,Saint Pierre and Miquelon,North America,2022,,,3250.0,2.0,5885,552251.486830926,339.8470688190314,,,
VCT,Saint Vincent and the Grenadines,North America,2022,72979.0,30.25,3678.0,37.0,103959,35379.33223674718,355.90954126145886,4.68767738,Latin America & Caribbean,Upper middle income
WSM,Samoa,Oceania,2022,448784.0,79.88,16268.0,29.0,222390,73150.77116776833,130.40154683214172,6.3012085,East Asia & Pacific,Lower middle income
SMR,San Marino,Europe,2022,69338.0,70.15,15366.0,23.0,33690,456099.732858415,682.695161769071,7.40650225,Europe & Central Asia,High income
STP,Sao Tome and Principe,Africa,2022,228291.0,45.72,2535.0,20.0,227393,11148.100425254956,87.95345503159729,7.46419811,Sub-Saharan Africa,Lower middle income
SAU,Saudi Arabia,Asia,2022,60953969.0,66.47,274360.0,638.0,36408824,7535.535890969727,17.523224589731324,4.62462378,Middle East & North Africa,High income
SEN,Senegal,Africa,2022,2709648.0,7.83,14547.0,78.0,17316452,840.068161768935,4.504386926374988,4.06358385,Sub-Saharan Africa,Lower middle income
SRB,Serbia,Europe,2022,8534688.0,47.71,1150237.0,4927.0,6871547,167391.2730277476,717.0146693313746,9.65742779,Europe & Central Asia,Upper middle income
SYC,Seychelles,Africa,2022,219489.0,76.22,25974.0,46.0,107135,242441.77906379802,429.36482008680633,4.2375164,Sub-Saharan Africa,High income
SLE,Sierra Leone,Africa,2022,6158679.0,40.03,1101.0,3.0,8605723,127.9381174597416,0.34860522468594446,7.94752312,Sub-Saharan Africa,Low income
SGP,Singapore,Asia,2022,14727569.0,90.74,1916126.0,889.0,5637022,339918.13407859684,157.70738521155317,4.89702511,East Asia & Pacific,High income
SXM,Sint Maarten (Dutch part),North America,2022,65515.0,60.32,6240.0,14.0,44192,141202.02751629255,316.7994207096307,,Latin America & Caribbean,High income
SVK,Slovakia,Europe,2022,5754313.0,45.68,1033058.0,4405.0,5643455,183054.1751462535,780.5502125914,7.73064041,Europe & Central Asia,High income
SVN,Slovenia,Europe,2022,2996643.0,57.66,843961.0,2712.0,2119843,398124.2950539262,1279.3400265963094,9.60507679,Europe & Central Asia,High income
SLB,Solomon Islands,Oceania,2022,625956.0,35.12,21589.0,153.0,724272,29807.86223960059,211.24660348598317,4.82369328,East Asia & Pacific,Lower middle income
SOM,Somalia,Africa,2022,8520930.0,35.94,3768.0,28.0,17597508,214.12122671005463,1.5911343810725929,2.62183189,Sub-Saharan Africa,Low income
ZAF,South Africa,Africa,2022,38050611.0,35.13,640295.0,11795.0,59893884,10690.490534893346,196.9316266081525,8.77086639,Sub-Saharan Africa,Upper middle income
KOR,South Korea,Asia,2022,129647782.0,85.6,28047388.0,26582.0,51815808,541290.1792441411,513.0094661459299,9.43414211,East Asia & Pacific,High income
SSD,South Sudan,Africa,2022,2310167.0,20.25,3558.0,3.0,10913172,326.0280329128873,0.27489716097208033,6.76125622,Sub-Saharan Africa,Low income
ESP,Spain,Europe,2022,104186558.0,85.62,7654824.0,27668.0,47558632,160955.51276580035,581.7661029442562,9.73828793,Europe & Central Asia,High income
LKA,Sri Lanka,Asia,2022,40116590.0,67.57,88202.0,1931.0,21832150,4040.005221657051,88.44754181333492,4.36269855,South Asia,Lower middle income
SDN,Sudan,Africa,2022,13711970.0,17.71,17405.0,1696.0,46874200,371.3130037419306,36.18195083862765,4.61874437,Sub-Saharan Africa,Low income
SUR,Suriname,South America,2022,505699.0,38.49,30018.0,207.0,618046,48569.20035078295,334.92652650449963,5.91760969,Latin America & Caribbean,Upper middle income
SWE,Sweden,Europe,2022,25511046.0,71.95,1385273.0,6701.0,10549349,131313.60048852302,635.2050728438314,10.49857044,Europe & Central Asia,High income
CHE,Switzerland,Europe,2022,16877061.0,,3121455.0,2037.0,8740471,357126.6353952779,233.0538022493296,11.70653343,Europe & Central Asia,High income
SYR,Syria,Asia,2022,4940436.0,10.06,7372.0,292.0,22125242,333.1940956849195,13.197595759630563,4.15098715,Middle East & North Africa,Low income
TWN,Taiwan,Asia,2022,64721772.0,86.33,,,23893396,,,,,
TJK,Tajikistan,Asia,2022,18871161.0,51.95,293.0,0.0,9952789,29.438984389199852,0.0,7.62917423,Europe & Central Asia,Lower middle income
TZA,Tanzania,Africa,2022,35994687.0,44.69,13045.0,108.0,65497752,199.1671408814153,1.6489115534835457,3.1119566,Sub-Saharan Africa,Lower middle income
THA,Thailand,Asia,2022,142635014.0,74.6,2511838.0,12014.0,71697024,35034.0622227221,167.5662298061353,5.35470581,East Asia & Pacific,Upper middle income
TGO,Togo,Africa,2022,3396543.0,16.45,11349.0,44.0,8848700,1282.5612801880502,4.972481833489665,6.04134083,Sub-Saharan Africa,Low income
TKL,Tokelau,Oceania,2022,5374.0,100.0,5.0,0.0,1893,2641.310089804543,0.0,,,
TON,Tonga,Oceania,2022,202604.0,72.06,16411.0,12.0,106867,153564.71127663358,112.28910702087643,8.13607597,East Asia & Pacific,Upper middle income
TTO,Trinidad and Tobago,North America,2022,1580898.0,46.82,96938.0,1559.0,1531043,63315.00813497727,1018.2601011206086,6.43106365,Latin America & Caribbean,High income
TUN,Tunisia,Africa,2022,13172572.0,51.74,424682.0,3756.0,12356116,34370.18558258923,303.9790173546445,6.96380186,Middle East & North Africa,Lower middle income
TUR,Turkey,Asia,2022,152543341.0,62.31,7717691.0,20116.0,85341248,90433.30371733021,235.71251266445037,3.70338893,Europe & Central Asia,Upper middle income
TKM,Turkmenistan,Asia,2022,8286809.0,45.41,0.0,0.0,6430777,0.0,0.0,5.37103748,Europe & Central Asia,Upper middle income
TCA,Turks and Caicos Islands,North America,2022,72837.0,66.24,3244.0,10.0,45726,70944.3205178673,218.6939596728338,,Latin America & Caribbean,High income
TUV,Tuvalu,Oceania,2022,25591.0,82.24,2779.0,0.0,11335,245169.8279664755,0.0,18.38210106,East Asia & Pacific,Upper middle income
UGA,Uganda,Africa,2022,26299538.0,27.43,34799.0,350.0,47249588,736.4931943956846,7.407471997427787,4.39089251,Sub-Saharan Africa,Low income
UKR,Ukraine,Europe,2022,31668577.0,38.17,1709592.0,15716.0,39701744,43060.87913921363,395.8516280796128,,Europe & Central Asia,Upper middle income
ARE,United Arab Emirates,Asia,2022,24922054.0,100.0,297019.0,192.0,9441138,31460.084578787002,20.336531464745036,4.67550945,Middle East & North Africa,High income
GBR,United Kingdom,Europe,2022,151248820.0,75.19,11584258.0,39186.0,67508936,171595.92027935383,580.4564894934798,11.05087757,Europe & Central Asia,High income
USA,United States,North America,2022,666952241.0,69.15,47140633.0,267389.0,338289856,139349.82726765535,790.4138869597083,16.49613953,North America,High income
VIR,United States Virgin Islands,North America,2022,,,15727.0,39.0,99479,158093.66801033384,392.0425416419546,,Latin America & Caribbean,High income
URY,Uruguay,South America,2022,8785446.0,84.79,605249.0,1400.0,3422796,176828.82649155837,409.02233145066197,8.94532204,Latin America & Caribbean,High income
UZB,Uzbekistan,Asia,2022,71888007.0,51.14,50507.0,156.0,34627648,1458.5743738644912,4.505070630266312,7.36325455,Europe & Central Asia,Lower middle income
VUT,Vanuatu,Oceania,2022,293584.0,40.31,12006.0,14.0,326744,36744.362559067646,42.846999485836,4.14742947,East Asia & Pacific,Lower middle income
VAT,Vatican,Europe,2022,,,0.0,0.0,808,0.0,0.0,,,
VEN,Venezuela,South America,2022,37860994.0,52.88,106845.0,518.0,28301700,3775.2149164184484,18.302787465063936,4.55047369,Latin America & Caribbean,
VNM,Vietnam,Asia,2022,265336568.0,87.29,9872529.0,11970.0,98186856,100548.3768621739,121.91041130800645,4.58891582,East Asia & Pacific,Lower middle income
WLF,Wallis and Futuna,Oceania,2022,17959.0,58.59,2962.0,0.0,11596,255432.9078992756,0.0,,,
ESH,Western Sahara,Africa,2022,,,,,576005,,,,,
YEM,Yemen,Asia,2022,1238962.0,2.25,1834.0,176.0,33696612,54.42683673955114,5.223077026260087,6.18666697,Middle East & North Africa,Low income
ZMB,Zambia,Africa,2022,12583850.0,42.74,102485.0,325.0,20017670,5119.726721441607,16.235655798102375,5.25592279,Sub-Saharan Africa,Lower middle income
ZWE,Zimbabwe,Africa,2022,12222754.0,29.11,56198.0,750.0,16320539,3443.3911772154097,45.95436461994301,3.62880659,Sub-Saharan Africa,Lower middle income
AFG,Afghanistan,Asia,2023,22964750.0,44.67,23053.0,128.0,41128772,560.5078605313089,3.1121765561101604,,South Asia,Low income
ALB,Albania,Europe,2023,3088966.0,45.01,1926.0,8.0,2842318,677.6159458582748,2.814604136482969,,Europe & Central Asia,Upper middle income
DZA,Algeria,Africa,2023,,,816.0,0.0,44903228,18.17241290537063,0.0,,Middle East & North Africa,Upper middle income
ASM,American Samoa,Oceania,2023,,,93.0,0.0,44295,2099.559769725703,0.0,,East Asia & Pacific,High income
AND,Andorra,Europe,2023,157072.0,67.01,329.0,1.0,79843,4120.586651303182,12.524579487243715,7.92821121,Europe & Central Asia,High income
AGO,Angola,Africa,2023,27819132.0,27.0,1858.0,8.0,35588996,52.20714852422361,0.22478858352733525,,Sub-Saharan Africa,Lower middle income
AIA,Anguilla,North America,2023,24604.0,65.38,0.0,0.0,15877,0.0,0.0,,,
ATG,Antigua and Barbuda,North America,2023,,,0.0,0.0,93772,0.0,0.0,,Latin America & Caribbean,High income
ARG,Argentina,South America,2023,116717853.0,76.69,153818.0,348.0,45510324,3379.8484932781407,7.646616622637096,,Latin America & Caribbean,Upper middle income
ARM,Armenia,Asia,2023,2256919.0,37.07,5843.0,67.0,2780472,2101.441769598831,24.09662819837783,,Europe & Central Asia,Upper middle income
ABW,Aruba,North America,2023,174898.0,79.24,472.0,12.0,106459,4433.6317267680515,112.71945068054369,,Latin America & Caribbean,High income
AUS,Australia,Oceania,2023,69686752.0,,1027494.0,6604.0,26177410,39251.17114336368,252.27858676622327,,East Asia & Pacific,High income
AUT,Austria,Europe,2023,20468731.0,74.76,403825.0,963.0,8939617,45172.516898654605,107.72273577268466,10.87779903,Europe & Central Asia,High income
AZE,Azerbaijan,Asia,2023,,,8361.0,347.0,10358078,807.196084061155,33.50042353417304,,Europe & Central Asia,Upper middle income
BHS,Bahamas,North America,2023,366359.0,40.73,656.0,13.0,409989,1600.0429279809946,31.708167780111175,,Latin America & Caribbean,High income
BHR,Bahrain,Asia,2023,,,0.0,0.0,1472237,0.0,0.0,,Middle East & North Africa,High income
BGD,Bangladesh,Asia,2023,361674660.0,83.06,9268.0,38.0,171186368,54.13982496550193,0.22198029226252408,,South Asia,Lower middle income
BRB,Barbados,North America,2023,384049.0,55.05,2279.0,25.0,281646,8091.717972206245,88.76390930458803,,Latin America & Caribbean,High income
BLR,Belarus,Europe,2023,22511000.0,67.28,0.0,0.0,9534956,0.0,0.0,,Europe & Central Asia,Upper middle income
BEL,Belgium,Europe,2023,31461345.0,78.68,169273.0,1099.0,11655923,14522.487837299543,94.28682739239098,,Europe & Central Asia,High income
BLZ,Belize,North America,2023,510717.0,54.63,1708.0,0.0,405285,4214.318319207471,0.0,,Latin America & Caribbean,Upper middle income
BEN,Benin,Africa,2023,,,51.0,0.0,13352864,3.8194053350651966,0.0,,Sub-Saharan Africa,Lower middle income
BMU,Bermuda,North America,2023,,,303.0,13.0,64207,4719.111623343249,202.47013565499088,,North America,High income
BTN,Bhutan,Asia,2023,,,166.0,0.0,782457,212.152233285663,0.0,,South Asia,Lower middle income
BOL,Bolivia,South America,2023,,,65355.0,105.0,12224114,5346.399747253666,8.589579580164255,,Latin America & Caribbean,Lower middle income
BES,Bonaire Sint Eustatius and Saba,North America,2023,,,206.0,2.0,27052,7614.9637734733105,73.9316871211001,,,
BIH,Bosnia and Herzegovina,Europe,2023,,,2548.0,158.0,3233530,787.9933076235569,48.863007301617735,,Europe & Central Asia,Upper middle income
BWA,Botswana,Africa,2023,3171667.0,63.24,2386.0,14.0,2630300,907.1208607383188,5.322586777173706,,Sub-Saharan Africa,Upper middle income
BRA,Brazil,South America,2023,486436436.0,81.82,1387584.0,9373.0,215313504,6444.481995890049,43.531872483018994,,Latin America & Caribbean,Upper middle income
VGB,British Virgin Islands,North America,2023,,,115.0,0.0,31332,3670.3689518702927,0.0,,Latin America & Caribbean,High income
BRN,Brunei,Asia,2023,1293100.0,99.49,62161.0,23.0,449002,138442.5904561672,51.22471614825769,,East Asia & Pacific,High income
BGR,Bulgaria,Europe,2023,4724199.0,30.64,42961.0,594.0,6781955,6334.60410751767,87.58536439713917,,Europe & Central Asia,High income
BFA,Burkina Faso,Africa,2023,7893609.0,23.08,103.0,5.0,22673764,4.542695249011148,0.22051918684520136,,Sub-Saharan Africa,Low income
BDI,Burundi,Africa,2023,42252.0,0.28,2515.0,0.0,12889583,195.11880252448816,0.0,,Sub-Saharan Africa,Low income
KHM,Cambodia,Asia,2023,47826645.0,87.63,519.0,0.0,16767851,30.95208801652639,0.0,,East Asia & Pacific,Lower middle income
CMR,Cameroon,Africa,2023,4880572.0,11.45,1144.0,9.0,27914542,40.982223530660114,0.32241259770624214,,Sub-Saharan Africa,Lower middle income
CAN,Canada,North America,2023,102123709.0,82.59,297851.0,6020.0,38454328,7745.578079013629,156.5493486194844,11.22370815,North America,High income
CPV,Cape Verde,Africa,2023,,,1284.0,5.0,593162,2164.670022691946,8.429400399890756,,Sub-Saharan Africa,Lower middle income
CYM,Cayman Islands,North America,2023,152148.0,88.32,0.0,0.0,68722,0.0,0.0,,Latin America & Caribbean,High income
CAF,Central African Republic,Africa,2023,3342248.0,44.54,80.0,0.0,5579148,14.339106974756719,0.0,,Sub-Saharan Africa,Low income
TCD,Chad,Africa,2023,9151765.0,28.33,49.0,0.0,17723312,2.764720273501928,0.0,,Sub-Saharan Africa,Low income
CHL,Chile,South America,2023,66864900.0,90.29,326818.0,2647.0,19603736,16671.21001833528,135.02528293586488,10.09532642,Latin America & Caribbean,High income
CHN,China,Asia,2023,3491077000.0,89.54,36877077.0,82898.0,1425887360,25862.54569224879,58.13783214965872,,East Asia & Pacific,Upper middle income
COL,Colombia,South America,2023,90931192.0,71.72,27655.0,651.0,51874028,533.1184229611011,12.549632737214855,7.69168758,Latin America & Caribbean,Upper middle income
COM,Comoros,Africa,2023,,,127.0,0.0,836783,151.77172576402722,0.0,,Sub-Saharan Africa,Lower middle income
COG,Congo,Africa,2023,,,150.0,3.0,5970430,25.12381855243257,0.5024763710486515,,Sub-Saharan Africa,Lower middle income
COK,Cook Islands,Oceania,2023,40854.0,86.47,578.0,1.0,17032,33936.12024424612,58.71301080319399,,,
CRI,Costa Rica,North America,2023,13576935.0,84.35,68865.0,294.0,5180836,13292.256307669264,56.747598264063946,,Latin America & Caribbean,Upper middle income
CIV,Cote d'Ivoire,Africa,2023,25263932.0,43.2,451.0,5.0,28160548,16.015313338362592,0.1775533629530221,,Sub-Saharan Africa,Lower middle income
HRV,Croatia,Europe,2023,5374628.0,55.87,47962.0,1172.0,4030361,11900.174698990984,290.7928098748474,,Europe & Central Asia,High income
CUB,Cuba,North America,2023,45622024.0,89.47,1767.0,0.0,11212198,157.59621797617203,0.0,,Latin America & Caribbean,Upper middle income
CUW,Curacao,North America,2023,260324.0,52.77,176.0,6.0,191173,920.6320976288492,31.385185146438044,,Latin America & Caribbean,High income
CYP,Cyprus,Europe,2023,1798610.0,72.11,46600.0,139.0,896007,52008.52225484846,155.13271659708016,,Europe & Central Asia,High income
CZE,Czechia,Europe,2023,19025550.0,65.71,169097.0,1255.0,10493990,16113.699365065148,119.59226185654838,8.53962803,Europe & Central Asia,High income
COD,Democratic Republic of Congo,Africa,2023,18808671.0,14.54,4268.0,6.0,99010216,43.10666285184147,0.06059980719565343,,Sub-Saharan Africa,Low income
DNK,Denmark,Europe,2023,14961517.0,80.11,50495.0,1781.0,5882259,8584.287091064843,302.77483531411997,9.41784573,Europe & Central Asia,High income
DJI,Djibouti,Africa,2023,442199.0,35.79,0.0,0.0,1120851,0.0,0.0,,Middle East & North Africa,Lower middle income
DMA,Dominica,North America,2023,,,287.0,0.0,72758,3944.583413507793,0.0,,Latin America & Caribbean,Upper middle income
DOM,Dominican Republic,North America,2023,16430339.0,54.6,2516.0,0.0,11228821,224.06626661873048,0.0,,Latin America & Caribbean,Upper middle income
TLS,East Timor,Asia,2023,2028798.0,59.77,72.0,0.0,1341298,53.67934642413543,0.0,,East Asia & Pacific,Lower middle income
ECU,Ecuador,South America,2023,39564195.0,79.11,27936.0,90.0,18001002,1551.9136101423687,4.999721682159693,,Latin America & Caribbean,Upper middle income
EGY,Egypt,Africa,2023,112673535.0,38.15,509.0,28.0,110990096,4.585994772001999,0.25227476152466793,,Middle East & North Africa,Lower middle income
SLV,El Salvador,North America,2023,,,51.0,0.0,6336393,8.048743188751075,0.0,,Latin America & Caribbean,Upper middle income
GNQ,Equatorial Guinea,Africa,2023,,,41.0,0.0,1674916,24.47883953583344,0.0,,Sub-Saharan Africa,Upper middle income
ERI,Eritrea,Africa,2023,,,0.0,0.0,3684041,0.0,0.0,,Sub-Saharan Africa,Low income
EST,Estonia,Europe,2023,2167635.0,65.05,14364.0,245.0,1326064,10832.056371336526,184.75729678205576,,Europe & Central Asia,High income
SWZ,Eswatini,Africa,2023,870205.0,35.56,1170.0,5.0,1201680,973.6369083283404,4.160841488582651,,Sub-Saharan Africa,Lower middle income
ETH,Ethiopia,Africa,2023,68856793.0,35.38,4021.0,2.0,123379928,32.59039022943829,0.016210092131031233,,Sub-Saharan Africa,Low income
FLK,Falkland Islands,South America,2023,,,0.0,0.0,3801,0.0,0.0,,,
FRO,Faroe Islands,Europe,2023,,,0.0,0.0,53117,0.0,0.0,,Europe & Central Asia,High income
FJI,Fiji,Oceania,2023,1555182.0,68.96,352.0,4.0,929769,378.5886601940912,4.302143865841946,3.57928777,East Asia & Pacific,Upper middle income
FIN,Finland,Europe,2023,13325665.0,78.46,43563.0,2710.0,5540745,7862.30010585219,489.1039020925886,,Europe & Central Asia,High income
FRA,France,Europe,2023,154493266.0,78.44,1007943.0,6318.0,67813000,14863.565982923628,93.16797664164687,,Europe & Central Asia,High income
GUF,French Guiana,South America,2023,,,265.0,0.0,304568,870.0848414803919,0.0,,,
PYF,French Polynesia,Oceania,2023,502952.0,60.99,1317.0,0.0,306292,4299.818473874603,0.0,,East Asia & Pacific,High income
GAB,Gabon,Africa,2023,572672.0,10.78,72.0,1.0,2388997,30.138170956263238,0.4185857077258783,,Sub-Saharan Africa,Upper middle income
GMB,Gambia,Africa,2023,1444492.0,19.93,40.0,0.0,2705995,14.781993314843524,0.0,,Sub-Saharan Africa,Low income
GEO,Georgia,Asia,2023,,,47803.0,243.0,3744385,12766.582496190964,64.89717269992268,,Europe & Central Asia,Upper middle income
DEU,Germany,Europe,2023,192221468.0,76.24,1195820.0,9241.0,83369840,14343.556374823316,110.84344170505784,11.79903221,Europe & Central Asia,High income
GHA,Ghana,Africa,2023,25624828.0,32.2,796.0,1.0,33475870,23.778321519351103,0.029872263215265205,,Sub-Saharan Africa,Lower middle income
GIB,Gibraltar,Europe,2023,,,275.0,3.0,32677,8415.705236098785,91.80769348471401,,Europe & Central Asia,High income
GRC,Greece,Europe,2023,22298982.0,73.63,547198.0,3445.0,10384972,52691.33128139393,331.7293489091737,,Europe & Central Asia,High income
GRL,Greenland,North America,2023,,,0.0,0.0,56494,0.0,0.0,,Europe & Central Asia,High income
GRD,Grenada,North America,2023,90686.0,31.11,33.0,0.0,125459,263.03413864290326,0.0,,Latin America & Caribbean,Upper middle income
GLP,Guadeloupe,North America,2023,,,3247.0,22.0,395762,8204.425892329227,55.58896508507639,,,
GUM,Guam,Oceania,2023,,,2349.0,8.0,171783,13674.228532509036,46.57038240105249,,East Asia & Pacific,High income
GTM,Guatemala,North America,2023,20362104.0,39.94,54663.0,211.0,17843914,3063.3974138185154,11.82475997138296,,Latin America & Caribbean,Upper middle income
GGY,Guernsey,Europe,2023,,,1532.0,7.0,63329,24191.128866711933,110.53387863380127,,,
GIN,Guinea,Africa,2023,12049511.0,42.24,361.0,2.0,13859349,26.04739948463669,0.14430692235255782,,Sub-Saharan Africa,Lower middle income
GNB,Guinea-Bissau,Africa,2023,920752.0,26.01,667.0,1.0,2105580,316.7773250125856,0.4749285232572498,,Sub-Saharan Africa,Low income
GUY,Guyana,South America,2023,960133.0,47.23,1679.0,13.0,808727,2076.1023188294694,16.074645708626026,,Latin America & Caribbean,High income
HTI,Haiti,North America,2023,680104.0,3.16,316.0,0.0,11585003,27.276643778167344,0.0,,Latin America & Caribbean,Lower middle income
HND,Honduras,North America,2023,17074861.0,56.11,9062.0,51.0,10432858,868.6018730438007,4.88840162494304,,Latin America & Caribbean,Lower middle income
HKG,Hong Kong,Asia,2023,20924351.0,90.83,,,7488863,,,,East Asia & Pacific,High income
HUN,Hungary,Europe,2023,,,45740.0,552.0,9967304,4589.004208158997,55.38107395941771,6.3573041,Europe & Central Asia,High income
ISL,Iceland,Europe,2023,,,2578.0,0.0,372903,6913.325985578019,0.0,8.99166012,Europe & Central Asia,High income
IND,India,Asia,2023,2206751639.0,67.18,336066.0,2668.0,1417173120,237.13828272441407,1.8826210872529108,,South Asia,Lower middle income
IDN,Indonesia,Asia,2023,448199860.0,63.51,105646.0,1435.0,275501344,383.46818373415994,5.2086860236877826,,East Asia & Pacific,Upper middle income
IRN,Iran,Asia,2023,155461757.0,66.16,64732.0,2084.0,88550568,731.0173323789409,23.534575181945755,,Middle East & North Africa,Upper middle income
IRQ,Iraq,Asia,2023,19557364.0,17.85,172.0,1.0,44496124,3.8655052291745684,0.022473867611480045,,Middle East & North Africa,Upper middle income
IRL,Ireland,Europe,2023,11145135.0,80.93,39189.0,1015.0,5023108,7801.743462414107,202.06613116819307,,Europe & Central Asia,High income
IMN,Isle of Man,Europe,2023,,,0.0,0.0,84534,0.0,0.0,,Europe & Central Asia,High income
ISR,Israel,Asia,2023,18649248.0,65.19,84854.0,681.0,9449000,8980.209545983702,72.0711186368928,,Middle East & North Africa,High income
ITA,Italy,Europe,2023,144608839.0,81.21,1601116.0,11412.0,59037472,27120.334691837754,193.30095977009313,8.51808929,Europe & Central Asia,High income
JAM,Jamaica,North America,2023,1528445.0,26.88,3855.0,135.0,2827382,1363.4521263840543,47.747350729402676,,Latin America & Caribbean,Upper middle income
JPN,Japan,Asia,2023,383747738.0,83.4,5537167.0,18881.0,123951696,44671.97447625081,152.32546717230878,,East Asia & Pacific,High income
JEY,Jersey,Europe,2023,266953.0,73.9,1005.0,15.0,110796,9070.7245748944,135.3839488790209,,,
JOR,Jordan,Asia,2023,,,0.0,0.0,11285875,0.0,0.0,,Middle East & North Africa,Lower middle income
KAZ,Kazakhstan,Asia,2023,38355605.0,54.79,10984.0,15.0,19397998,566.2440010561916,0.7732756751495695,,Europe & Central Asia,Upper middle income
KEN,Kenya,Africa,2023,23750431.0,20.53,1624.0,1.0,54027484,30.058775270749237,0.01850909807312145,,Sub-Saharan Africa,Lower middle income
KIR,Kiribati,Oceania,2023,219980.0,62.08,1655.0,11.0,131237,12610.772876551582,83.81782576559965,,East Asia & Pacific,Lower middle income
KWT,Kuwait,Asia,2023,8261221.0,78.39,3668.0,0.0,4268886,859.2405606521233,0.0,,Middle East & North Africa,High income
KGZ,Kyrgyzstan,Asia,2023,3661335.0,21.2,488.0,0.0,6630621,73.5979329839543,0.0,,Europe & Central Asia,Lower middle income
LAO,Laos,Asia,2023,,,1264.0,0.0,7529477,167.8735455331094,0.0,,East Asia & Pacific,Lower middle income
LVA,Latvia,Europe,2023,,,7182.0,454.0,1850654,3880.7902503655464,245.31868193622364,,Europe & Central Asia,High income
LBN,Lebanon,Asia,2023,,,17778.0,203.0,5489744,3238.402373589734,36.9780448778668,,Middle East & North Africa,Lower middle income
LSO,Lesotho,Africa,2023,1339097.0,40.68,1648.0,3.0,2305826,714.7113442211164,1.3010522042860129,,Sub-Saharan Africa,Lower middle income
LBR,Liberia,Africa,2023,,,40.0,0.0,5302690,7.54334120983878,0.0,,Sub-Saharan Africa,Low income
LBY,Libya,Africa,2023,3739158.0,18.15,148.0,0.0,6812344,21.725268130910596,0.0,,Middle East & North Africa,Upper middle income
LIE,Liechtenstein,Europe,2023,74337.0,,286.0,1.0,39355,7267.183331215856,25.409731927328167,,Europe & Central Asia,High income
LTU,Lithuania,Europe,2023,4603092.0,68.4,73008.0,304.0,2750058,26547.803719048836,110.54312309049482,7.29381466,Europe & Central Asia,High income
LUX,Luxembourg,Europe,2023,1374547.0,71.45,25170.0,45.0,647601,38866.52429505205,69.4872305632635,5.78284121,Europe & Central Asia,High income
MAC,Macao,Asia,2023,1802985.0,92.39,,,695180,,,,East Asia & Pacific,High income
MDG,Madagascar,Africa,2023,3092063.0,8.88,747.0,10.0,29611718,25.226499860629495,0.3377041480673293,,Sub-Saharan Africa,Low income
MWI,Malawi,Africa,2023,8503954.0,21.01,1008.0,1.0,20405318,49.39888709404087,0.04900683243456436,,Sub-Saharan Africa,Low income
MYS,Malaysia,Asia,2023,72647030.0,81.18,204016.0,458.0,33938216,6011.394352608281,13.495111233896324,,East Asia & Pacific,Upper middle income
MDV,Maldives,Asia,2023,951764.0,73.53,1016.0,5.0,523798,1939.6790365751683,9.545664550074648,,South Asia,Upper middle income
MLI,Mali,Africa,2023,5922585.0,16.08,396.0,0.0,22593598,17.527088868271445,0.0,,Sub-Saharan Africa,Low income
MLT,Malta,Europe,2023,1407850.0,88.42,4785.0,57.0,533293,8972.55354936217,106.88308303315438,,Middle East & North Africa,High income
MHL,Marshall Islands,Oceania,2023,,,594.0,0.0,41593,14281.249248671653,0.0,,East Asia & Pacific,Upper middle income
MTQ,Martinique,North America,2023,,,2964.0,25.0,367512,8065.042774113499,68.02498966020157,,,
MRT,Mauritania,Africa,2023,4075874.0,32.53,483.0,0.0,4736146,101.981653437204,0.0,,Sub-Saharan Africa,Lower middle income
MUS,Mauritius,Africa,2023,2616012.0,83.74,32514.0,21.0,1299478,25020.816050752688,16.160335149960215,,Sub-Saharan Africa,Upper middle income
MYT,Mayotte,Africa,2023,,,58.0,0.0,326113,177.85246218335362,0.0,,,
MEX,Mexico,North America,2023,,,362826.0,2804.0,127504120,2845.602165639824,21.991446237188256,,Latin America & Caribbean,Upper middle income
FSM,Micronesia (country),Oceania,2023,,,4478.0,7.0,114178,39219.464345145294,61.30778258508644,,East Asia & Pacific,Lower middle income
MDA,Moldova,Europe,2023,2293086.0,32.97,34961.0,245.0,3272993,10681.660486288849,74.8550332982686,,Europe & Central Asia,Upper middle income
MCO,Monaco,Europe,2023,,,742.0,2.0,36491,20333.780932284673,54.80803485791017,,Europe & Central Asia,High income
MNG,Mongolia,Asia,2023,,,4020.0,0.0,3398373,1182.9190027110033,0.0,,East Asia & Pacific,Upper middle income
MNE,Montenegro,Europe,2023,,,7307.0,38.0,627082,11652.383579818907,60.598135491052204,,Europe & Central Asia,Upper middle income
MSR,Montserrat,North America,2023,,,0.0,0.0,4413,0.0,0.0,,,
MAR,Morocco,Africa,2023,55389602.0,62.8,7025.0,6.0,37457976,187.5435020835082,0.1601795035588682,,Middle East & North Africa,Lower middle income
MOZ,Mozambique,Africa,2023,34950858.0,64.7,2761.0,20.0,32969520,83.74401568479007,0.6066209031857304,,Sub-Saharan Africa,Low income
MMR,Myanmar,Asia,2023,93477104.0,66.33,7836.0,4.0,54179312,144.63085097869092,0.07382891831479883,,East Asia & Pacific,Lower middle income
NAM,Namibia,Africa,2023,1005937.0,21.46,1971.0,21.0,2567024,767.8151820941292,8.180679261276872,,Sub-Saharan Africa,Upper middle income
NRU,Nauru,Oceania,2023,32157.0,89.4,772.0,0.0,12691,60830.50981010164,0.0,,East Asia & Pacific,High income
NPL,Nepal,Asia,2023,62627629.0,80.11,2484.0,12.0,30547586,81.31575437744901,0.3928297312920242,,South Asia,Lower middle income
NLD,Netherlands,Europe,2023,39764182.0,67.0,64963.0,10.0,17564020,3698.640743975468,0.569345742033999,,Europe & Central Asia,High income
NCL,New Caledonia,Oceania,2023,480702.0,63.74,902.0,0.0,289959,3110.7846281715692,0.0,,East Asia & Pacific,High income
NZL,New Zealand,Oceania,2023,12346898.0,82.77,412394.0,1335.0,5185289,79531.53623645664,257.45913101468403,,East Asia & Pacific,High income
NIC,Nicaragua,North America,2023,15507763.0,88.17,750.0,0.0,6948395,107.9385958915692,0.0,,Latin America & Caribbean,Lower middle income
NER,Niger,Africa,2023,7372208.0,20.92,29.0,1.0,26207982,1.1065331165138925,0.03815631436254802,,Sub-Saharan Africa,Low income
NGA,Nigeria,Africa,2023,133048021.0,37.2,773.0,0.0,218541216,3.5370902301559446,0.0,,Sub-Saharan Africa,Lower middle income
NIU,Niue,Oceania,2023,4923.0,83.76,658.0,0.0,1952,337090.16393442627,0.0,,,
PRK,North Korea,Asia,2023,,,0.0,0.0,26069416,0.0,0.0,,East Asia & Pacific,Low income
MKD,North Macedonia,Europe,2023,1862987.0,40.04,4728.0,89.0,2093606,2258.3045711561776,42.510386385977114,,Europe & Central Asia,Upper middle income
MNP,Northern Mariana Islands,Oceania,2023,,,1105.0,0.0,49574,22289.910033485296,0.0,,East Asia & Pacific,High income
NOR,Norway,Europe,2023,,,29407.0,987.0,5434324,5411.344630905334,181.62332610274984,,Europe & Central Asia,High income
OMN,Oman,Asia,2023,,,141.0,0.0,4576300,30.810917116447786,0.0,,Middle East & North Africa,High income
PAK,Pakistan,Asia,2023,340974144.0,59.57,4980.0,21.0,235824864,21.11736614846516,0.08904913436099766,,South Asia,Lower middle income
PLW,Palau,Oceania,2023,,,299.0,0.0,18084,16533.952665339526,0.0,,East Asia & Pacific,High income
PSE,Palestine,Asia,2023,,,0.0,0.0,5250076,0.0,0.0,,Middle East & North Africa,Lower middle income
PAN,Panama,North America,2023,8893001.0,72.0,19049.0,88.0,4408582,4320.890481338444,19.961066846437244,,Latin America & Caribbean,High income
PNG,Papua New Guinea,Oceania,2023,737695.0,3.17,172.0,31.0,10142625,16.95813460519343,3.056407981168583,,East Asia & Pacific,Lower middle income
PRY,Paraguay,South America,2023,9745545.0,52.31,13666.0,214.0,6780745,2015.4127606922248,31.559953957861566,,Latin America & Caribbean,Upper middle income
PER,Peru,South America,2023,91412580.0,84.32,66442.0,2509.0,34049588,1951.330512427933,73.6866478384408,,Latin America & Caribbean,Upper middle income
PHL,Philippines,Asia,2023,189317158.0,67.88,137910.0,1533.0,115559008,1193.4162674709012,13.265949808084196,5.10629606,East Asia & Pacific,Lower middle income
PCN,Pitcairn,Oceania,2023,,,0.0,0.0,47,0.0,0.0,,,
POL,Poland,Europe,2023,58032403.0,56.83,266683.0,1763.0,39857144,6690.971134309071,44.232973642065275,7.00451565,Europe & Central Asia,High income
PRT,Portugal,Europe,2023,28314797.0,86.75,88931.0,2156.0,10270857,8658.576397276292,209.91432360512857,10.00331116,Europe & Central Asia,High income
PRI,Puerto Rico,North America,2023,,,121674.0,397.0,3252412,37410.38958163972,122.06325643860617,,Latin America & Caribbean,High income
QAT,Qatar,Asia,2023,7609178.0,100.0,26537.0,5.0,2695131,9846.27463377476,1.8551973911472206,,Middle East & North Africa,High income
REU,Reunion,Africa,2023,,,7936.0,15.0,974062,8147.3253242606725,15.399430426399963,,,
ROU,Romania,Europe,2023,,,207545.0,1373.0,19659270,10557.106138732517,69.83982619903995,,Europe & Central Asia,High income
RUS,Russia,Europe,2023,187374508.0,55.08,1982260.0,7976.0,144713312,13697.841425949813,55.11586936798185,,Europe & Central Asia,High income
RWA,Rwanda,Africa,2023,27322059.0,75.49,288.0,1.0,13776702,20.90485807125682,0.07258631274741953,,Sub-Saharan Africa,Low income
BLM,Saint Barthelemy,North America,2023,,,105.0,0.0,10994,9550.663998544662,0.0,,,
SHN,Saint Helena,Africa,2023,,,0.0,0.0,5401,0.0,0.0,,,
KNA,Saint Kitts and Nevis,North America,2023,,,45.0,0.0,47681,943.772152429689,0.0,,Latin America & Caribbean,High income
LCA,Saint Lucia,North America,2023,,,482.0,1.0,179872,2679.683330368262,5.559508984166518,,Latin America & Caribbean,Upper middle income
MAF,Saint Martin (French part),North America,2023,,,144.0,0.0,31816,4526.024641689716,0.0,,Latin America & Caribbean,High income
SPM,Saint Pierre and Miquelon,North America,2023,,,78.0,0.0,5885,13254.035683942227,0.0,,,
VCT,Saint Vincent and the Grenadines,North America,2023,73443.0,30.43,153.0,6.0,103959,1471.7340490000865,57.71506074510143,,Latin America & Caribbean,Upper middle income
WSM,Samoa,Oceania,2023,453083.0,80.02,712.0,2.0,222390,3201.5828049822385,8.993210126354603,,East Asia & Pacific,Lower middle income
SMR,San Marino,Europe,2023,,,2285.0,5.0,33690,67824.28020184032,148.41199168892848,,Europe & Central Asia,High income
STP,Sao Tome and Principe,Africa,2023,263863.0,49.25,457.0,3.0,227393,2009.7364474719977,13.193018254739592,,Sub-Saharan Africa,Lower middle income
SAU,Saudi Arabia,Asia,2023,68534631.0,69.86,14703.0,138.0,36408824,403.83067577244464,3.790289958280443,,Middle East & North Africa,High income
SEN,Senegal,Africa,2023,3179647.0,8.93,150.0,3.0,17316452,8.66228255072113,0.17324565101442257,,Sub-Saharan Africa,Lower middle income
SRB,Serbia,Europe,2023,,,143740.0,562.0,6871547,20918.142595837588,81.78653220301047,,Europe & Central Asia,Upper middle income
SYC,Seychelles,Africa,2023,224558.0,78.0,865.0,0.0,107135,8073.925421197555,0.0,,Sub-Saharan Africa,High income
SLE,Sierra Leone,Africa,2023,9155936.0,57.66,19.0,0.0,8605723,2.2078330896776484,0.0,,Sub-Saharan Africa,Low income
SGP,Singapore,Asia,2023,,90.85,730625.0,243.0,5637022,129611.87662563672,43.10786794871476,,East Asia & Pacific,High income
SXM,Sint Maarten (Dutch part),North America,2023,66829.0,60.58,63.0,3.0,44192,1425.5973931933381,67.88559015206373,,Latin America & Caribbean,High income
SVK,Slovakia,Europe,2023,,,16842.0,404.0,5643455,2984.342038697925,71.58735207421695,,Europe & Central Asia,High income
SVN,Slovenia,Europe,2023,,,53612.0,1059.0,2119843,25290.552177684858,499.56529799612514,9.41330814,Europe & Central Asia,High income
SLB,Solomon Islands,Oceania,2023,,,4343.0,46.0,724272,5996.366006141339,63.51205072127598,,East Asia & Pacific,Lower middle income
SOM,Somalia,Africa,2023,10555834.0,43.57,34.0,0.0,17597508,1.9320917484452913,0.0,,Sub-Saharan Africa,Low income
ZAF,South Africa,Africa,2023,41798812.0,35.13,24404.0,27.0,59893884,407.4539564006235,0.450797280069531,,Sub-Saharan Africa,Upper middle income
KOR,South Korea,Asia,2023,,85.64,5912818.0,4052.0,51815808,114112.24157693343,78.2000736146004,9.88014412,East Asia & Pacific,High income
SSD,South Sudan,Africa,2023,4365547.0,39.16,451.0,9.0,10913172,41.32620653280274,0.8246914829162411,,Sub-Saharan Africa,Low income
ESP,Spain,Europe,2023,105840320.0,85.66,225378.0,2909.0,47558632,4738.950439112715,61.166603782884245,,Europe & Central Asia,High income
LKA,Sri Lanka,Asia,2023,,,856.0,75.0,21832150,39.2082318965379,3.435300691869559,,South Asia,Lower middle income
SDN,Sudan,Africa,2023,22598737.0,28.62,303.0,52.0,46874200,6.464110320816142,1.109352266278678,,Sub-Saharan Africa,Low income
SUR,Suriname,South America,2023,,,914.0,11.0,618046,1478.8543247589985,17.79802797849998,,Latin America & Caribbean,Upper middle income
SWE,Sweden,Europe,2023,28237824.0,71.98,74736.0,4683.0,10549349,7084.418194904728,443.9136481312733,10.88682365,Europe & Central Asia,High income
CHE,Switzerland,Europe,2023,16940716.0,,71856.0,305.0,8740471,8221.067262851166,34.89514466668901,,Europe & Central Asia,High income
SYR,Syria,Asia,2023,5090630.0,10.66,0.0,0.0,22125242,0.0,0.0,,Middle East & North Africa,Low income
TWN,Taiwan,Asia,2023,68158988.0,87.02,,,23893396,,,,,
TJK,Tajikistan,Asia,2023,20568163.0,52.17,0.0,0.0,9952789,0.0,0.0,,Europe & Central Asia,Lower middle income
TZA,Tanzania,Africa,2023,39392419.0,49.11,872.0,1.0,65497752,13.313434024422701,0.01526769956929209,,Sub-Saharan Africa,Lower middle income
THA,Thailand,Asia,2023,,,40567.0,923.0,71697024,565.8114903067665,12.873616623194849,,East Asia & Pacific,Upper middle income
TGO,Togo,Africa,2023,3423181.0,17.56,186.0,0.0,8848700,21.020036841569947,0.0,,Sub-Saharan Africa,Low income
TKL,Tokelau,Oceania,2023,,,75.0,0.0,1893,39619.651347068146,0.0,,,
TON,Tonga,Oceania,2023,203208.0,72.39,537.0,0.0,106867,5024.93753918422,0.0,,East Asia & Pacific,Upper middle income
TTO,Trinidad and Tobago,North America,2023,,,5614.0,113.0,1531043,3666.781403265617,73.80589571945399,,Latin America & Caribbean,High income
TUN,Tunisia,Africa,2023,13253317.0,51.81,5884.0,144.0,12356116,476.2014212233035,11.654147630210012,,Middle East & North Africa,Lower middle income
TUR,Turkey,Asia,2023,,,13.0,0.0,85341248,0.15232962142761258,0.0,,Europe & Central Asia,Upper middle income
TKM,Turkmenistan,Asia,2023,16775970.0,71.05,0.0,0.0,6430777,0.0,0.0,,Europe & Central Asia,Upper middle income
TCA,Turks and Caicos Islands,North America,2023,73907.0,67.16,231.0,4.0,45726,5051.830468442461,87.47758386913353,,Latin America & Caribbean,High income
TUV,Tuvalu,Oceania,2023,26783.0,83.86,164.0,1.0,11335,14468.46052051169,88.2223202470225,,East Asia & Pacific,Upper middle income
UGA,Uganda,Africa,2023,26406936.0,27.64,1998.0,2.0,47249588,42.28608300245919,0.04232841141387307,,Sub-Saharan Africa,Low income
UKR,Ukraine,Europe,2023,35735488.0,39.65,211326.0,1669.0,39701744,5322.839218347687,42.038455539887615,,Europe & Central Asia,Upper middle income
ARE,United Arab Emirates,Asia,2023,,,20481.0,1.0,9441138,2169.335942340849,0.10591943471221371,,Middle East & North Africa,High income
GBR,United Kingdom,Europe,2023,,,706222.0,16767.0,67508936,10461.16324511469,248.36711987284173,10.872015,Europe & Central Asia,High income
USA,United States,North America,2023,676728782.0,69.47,4417336.0,84500.0,338289856,13057.843508024078,249.78579316312695,,North America,High income
VIR,United States Virgin Islands,North America,2023,,,1655.0,5.0,99479,16636.677087626533,50.2618643130711,,Latin America & Caribbean,High income
URY,Uruguay,South America,2023,9036273.0,84.82,25905.0,63.0,3422796,7568.3739258781425,18.406004915279787,,Latin America & Caribbean,High income
UZB,Uzbekistan,Asia,2023,83937954.0,53.29,7789.0,0.0,34627648,224.93586627656606,0.0,,Europe & Central Asia,Lower middle income
VUT,Vanuatu,Oceania,2023,366638.0,49.66,6.0,0.0,326744,18.362999779644003,0.0,,East Asia & Pacific,Lower middle income
VAT,Vatican,Europe,2023,,,0.0,0.0,808,0.0,0.0,,,
VEN,Venezuela,South America,2023,,,2851.0,26.0,28301700,100.73599819092139,0.918672729906684,,Latin America & Caribbean,
VNM,Vietnam,Asia,2023,266492149.0,87.55,99798.0,22.0,98186856,1016.4089580381309,0.22406257717428085,,East Asia & Pacific,Lower middle income
WLF,Wallis and Futuna,Oceania,2023,18058.0,58.67,135.0,1.0,11596,11641.94549844774,86.23663332183511,,,
YEM,Yemen,Asia,2023,1298654.0,2.4,0.0,0.0,33696612,0.0,0.0,,Middle East & North Africa,Low income
ZMB,Zambia,Africa,2023,13454213.0,46.03,15238.0,47.0,20017670,761.2274555430278,2.347925607725575,,Sub-Saharan Africa,Lower middle income
ZWE,Zimbabwe,Africa,2023,,,6128.0,96.0,16320539,375.47779518801434,5.8821586713527045,,Sub-Saharan Africa,Lower middle income
AFG,Afghanistan,Asia,2024,,,4839.0,25.0,41128772,117.65486214857083,0.6078469836152658,,South Asia,Low income
ALB,Albania,Europe,2024,,,451.0,1.0,2842318,158.6733081942274,0.35182551706037113,,Europe & Central Asia,Upper middle income
DZA,Algeria,Africa,2024,,,129.0,0.0,44903228,2.872844687246093,0.0,,Middle East & North Africa,Upper middle income
ASM,American Samoa,Oceania,2024,,,0.0,0.0,44295,0.0,0.0,,East Asia & Pacific,High income
AND,Andorra,Europe,2024,,,0.0,0.0,79843,0.0,0.0,,Europe & Central Asia,High income
AGO,Angola,Africa,2024,,,553.0,0.0,35588996,15.538510836327049,0.0,,Sub-Saharan Africa,Lower middle income
AIA,Anguilla,North America,2024,,,0.0,0.0,15877,0.0,0.0,,,
ATG,Antigua and Barbuda,North America,2024,,,0.0,0.0,93772,0.0,0.0,,Latin America & Caribbean,High income
ARG,Argentina,South America,2024,116978521.0,76.69,56261.0,191.0,45510324,1236.2249936959358,4.196849927941625,,Latin America & Caribbean,Upper middle income
ARM,Armenia,Asia,2024,,,847.0,2.0,2780472,304.6245385675526,0.7193023342799352,,Europe & Central Asia,Upper middle income
ABW,Aruba,North America,2024,174914.0,79.25,0.0,0.0,106459,0.0,0.0,,Latin America & Caribbean,High income
AUS,Australia,Oceania,2024,,,139626.0,892.0,26177410,5333.8355475197895,34.07518161651592,,East Asia & Pacific,High income
AUT,Austria,Europe,2024,,,274.0,0.0,8939617,30.65008266014081,0.0,,Europe & Central Asia,High income
AZE,Azerbaijan,Asia,2024,,,1503.0,0.0,10358078,145.10413997654777,0.0,,Europe & Central Asia,Upper middle income
BHS,Bahamas,North America,2024,,,980.0,3.0,409989,2390.3080326545346,7.317269487717963,,Latin America & Caribbean,High income
BHR,Bahrain,Asia,2024,,,0.0,0.0,1472237,0.0,0.0,,Middle East & North Africa,High income
BGD,Bangladesh,Asia,2024,361742554.0,83.07,5056.0,22.0,171186368,29.535062044192678,0.12851490604672447,,South Asia,Lower middle income
BRB,Barbados,North America,2024,,,788.0,0.0,281646,2797.8384212806145,0.0,,Latin America & Caribbean,High income
BLR,Belarus,Europe,2024,,,0.0,0.0,9534956,0.0,0.0,,Europe & Central Asia,Upper middle income
BEL,Belgium,Europe,2024,31469387.0,78.68,24084.0,0.0,11655923,2066.2456332287024,0.0,,Europe & Central Asia,High income
BLZ,Belize,North America,2024,,,31.0,0.0,405285,76.48938401371873,0.0,,Latin America & Caribbean,Upper middle income
BEN,Benin,Africa,2024,,,0.0,0.0,13352864,0.0,0.0,,Sub-Saharan Africa,Lower middle income
BMU,Bermuda,North America,2024,,,0.0,0.0,64207,0.0,0.0,,North America,High income
BTN,Bhutan,Asia,2024,,,0.0,0.0,782457,0.0,0.0,,South Asia,Lower middle income
BOL,Bolivia,South America,2024,,,51.0,2.0,12224114,4.172081510365496,0.1636110396221763,,Latin America & Caribbean,Lower middle income
BES,Bonaire Sint Eustatius and Saba,North America,2024,,,0.0,0.0,27052,0.0,0.0,,,
BIH,Bosnia and Herzegovina,Europe,2024,,,158.0,12.0,3233530,48.863007301617735,3.7111144786038786,,Europe & Central Asia,Upper middle income
BWA,Botswana,Africa,2024,,,279.0,1.0,2630300,106.07155077367601,0.3801847697981219,,Sub-Saharan Africa,Upper middle income
BRA,Brazil,South America,2024,,,0.0,0.0,215313504,0.0,0.0,,Latin America & Caribbean,Upper middle income
VGB,British Virgin Islands,North America,2024,,,137.0,0.0,31332,4372.526490488956,0.0,,Latin America & Caribbean,High income
BRN,Brunei,Asia,2024,,,16947.0,8.0,449002,37743.70715497927,17.817292573307025,,East Asia & Pacific,High income
BGR,Bulgaria,Europe,2024,4726614.0,30.64,6410.0,70.0,6781955,945.155194925357,10.321507588888453,,Europe & Central Asia,High income
BFA,Burkina Faso,Africa,2024,,,30.0,0.0,22673764,1.3231151210712082,0.0,,Sub-Saharan Africa,Low income
BDI,Burundi,Africa,2024,,,108.0,0.0,12889583,8.37885911437166,0.0,,Sub-Saharan Africa,Low income
KHM,Cambodia,Asia,2024,,,305.0,0.0,16767851,18.189570028979862,0.0,,East Asia & Pacific,Lower middle income
CMR,Cameroon,Africa,2024,,,109.0,0.0,27914542,3.9047747944422655,0.0,,Sub-Saharan Africa,Lower middle income
CAN,Canada,North America,2024,102877159.0,,44819.0,841.0,38454328,1165.51250095958,21.870100031393086,,North America,High income
CPV,Cape Verde,Africa,2024,,,0.0,0.0,593162,0.0,0.0,,Sub-Saharan Africa,Lower middle income
CYM,Cayman Islands,North America,2024,,,0.0,0.0,68722,0.0,0.0,,Latin America & Caribbean,High income
CAF,Central African Republic,Africa,2024,,,1.0,0.0,5579148,0.179238837184459,0.0,,Sub-Saharan Africa,Low income
TCD,Chad,Africa,2024,,,4.0,0.0,17723312,0.22569145089811654,0.0,,Sub-Saharan Africa,Low income
CHL,Chile,South America,2024,,,68149.0,503.0,19603736,3476.327165393372,25.658374505757475,,Latin America & Caribbean,High income
CHN,China,Asia,2024,,,50492.0,433.0,1425887360,35.410931758312245,0.30367055080704275,,East Asia & Pacific,Upper middle income
COL,Colombia,South America,2024,,,25882.0,0.0,51874028,498.9394692850919,0.0,,Latin America & Caribbean,Upper middle income
COM,Comoros,Africa,2024,,,0.0,0.0,836783,0.0,0.0,,Sub-Saharan Africa,Lower middle income
COG,Congo,Africa,2024,,,14.0,0.0,5970430,2.3448897315603734,0.0,,Sub-Saharan Africa,Lower middle income
COK,Cook Islands,Oceania,2024,,,142.0,0.0,17032,8337.247534053547,0.0,,,
CRI,Costa Rica,North America,2024,,,4149.0,6.0,5180836,800.8360040734739,1.1581142502870192,,Latin America & Caribbean,Upper middle income
CIV,Cote d'Ivoire,Africa,2024,,,50.0,0.0,28160548,1.7755336295302206,0.0,,Sub-Saharan Africa,Lower middle income
HRV,Croatia,Europe,2024,,,7416.0,65.0,4030361,1840.0336843275331,16.127587578383174,,Europe & Central Asia,High income
CUB,Cuba,North America,2024,45995747.0,89.67,68.0,0.0,11212198,6.0648233290207685,0.0,,Latin America & Caribbean,Upper middle income
CUW,Curacao,North America,2024,,,0.0,0.0,191173,0.0,0.0,,Latin America & Caribbean,High income
CYP,Cyprus,Europe,2024,,,21301.0,57.0,896007,23773.251771470535,63.61557443189618,,Europe & Central Asia,High income
CZE,Czechia,Europe,2024,19047108.0,65.71,15296.0,155.0,10493990,1457.5962050659473,14.770359034075694,,Europe & Central Asia,High income
COD,Democratic Republic of Congo,Africa,2024,,,1671.0,6.0,99010216,16.87704630398948,0.06059980719565343,,Sub-Saharan Africa,Low income
DNK,Denmark,Europe,2024,,,3333.0,200.0,5882259,566.619048906211,34.000542988671526,,Europe & Central Asia,High income
DJI,Djibouti,Africa,2024,,,0.0,0.0,1120851,0.0,0.0,,Middle East & North Africa,Lower middle income
DMA,Dominica,North America,2024,,,0.0,0.0,72758,0.0,0.0,,Latin America & Caribbean,Upper middle income
DOM,Dominican Republic,North America,2024,,,0.0,0.0,11228821,0.0,0.0,,Latin America & Caribbean,Upper middle income
TLS,East Timor,Asia,2024,,,0.0,0.0,1341298,0.0,0.0,,East Asia & Pacific,Lower middle income
ECU,Ecuador,South America,2024,,,9046.0,26.0,18001002,502.52758152018424,1.4443640415128003,,Latin America & Caribbean,Upper middle income
EGY,Egypt,Africa,2024,,,0.0,0.0,110990096,0.0,0.0,,Middle East & North Africa,Lower middle income
SLV,El Salvador,North America,2024,,,84.0,0.0,6336393,13.256753487354715,0.0,,Latin America & Caribbean,Upper middle income
GNQ,Equatorial Guinea,Africa,2024,,,0.0,0.0,1674916,0.0,0.0,,Sub-Saharan Africa,Upper middle income
ERI,Eritrea,Africa,2024,,,0.0,0.0,3684041,0.0,0.0,,Sub-Saharan Africa,Low income
EST,Estonia,Europe,2024,2171623.0,65.06,1890.0,26.0,1326064,1425.2705751758588,19.60689680136102,,Europe & Central Asia,High income
SWZ,Eswatini,Africa,2024,,,165.0,0.0,1201680,137.30776912322747,0.0,,Sub-Saharan Africa,Lower middle income
ETH,Ethiopia,Africa,2024,,,76.0,0.0,123379928,0.6159835009791867,0.0,,Sub-Saharan Africa,Low income
FLK,Falkland Islands,South America,2024,,,0.0,0.0,3801,0.0,0.0,,,
FRO,Faroe Islands,Europe,2024,,,0.0,0.0,53117,0.0,0.0,,Europe & Central Asia,High income
FJI,Fiji,Oceania,2024,,,0.0,0.0,929769,0.0,0.0,,East Asia & Pacific,Upper middle income
FIN,Finland,Europe,2024,13327120.0,78.46,0.0,58.0,5540745,0.0,10.467906391649498,,Europe & Central Asia,High income
FRA,France,Europe,2024,,,,,67813000,,,,Europe & Central Asia,High income
GUF,French Guiana,South America,2024,,,0.0,0.0,304568,0.0,0.0,,,
PYF,French Polynesia,Oceania,2024,,,160.0,1.0,306292,522.3773392710224,3.26485837044389,,East Asia & Pacific,High income
GAB,Gabon,Africa,2024,,,0.0,0.0,2388997,0.0,0.0,,Sub-Saharan Africa,Upper middle income
GMB,Gambia,Africa,2024,,,1.0,0.0,2705995,0.3695498328710881,0.0,,Sub-Saharan Africa,Low income
GEO,Georgia,Asia,2024,,,6633.0,9.0,3744385,1771.4524548090008,2.403598988886025,,Europe & Central Asia,Upper middle income
DEU,Germany,Europe,2024,,,,,83369840,,,,Europe & Central Asia,High income
GHA,Ghana,Africa,2024,,,228.0,0.0,33475870,6.810876013080467,0.0,,Sub-Saharan Africa,Lower middle income
GIB,Gibraltar,Europe,2024,,,0.0,0.0,32677,0.0,0.0,,Europe & Central Asia,High income
GRC,Greece,Europe,2024,22467978.0,73.64,103320.0,837.0,10384972,9948.991677589502,80.59723223134351,,Europe & Central Asia,High income
GRL,Greenland,North America,2024,,,0.0,0.0,56494,0.0,0.0,,Europe & Central Asia,High income
GRD,Grenada,North America,2024,,,0.0,0.0,125459,0.0,0.0,,Latin America & Caribbean,Upper middle income
GLP,Guadeloupe,North America,2024,,,0.0,0.0,395762,0.0,0.0,,,
GUM,Guam,Oceania,2024,,,0.0,0.0,171783,0.0,0.0,,East Asia & Pacific,High income
GTM,Guatemala,North America,2024,,,64.0,2.0,17843914,3.5866570529313244,0.11208303290410389,,Latin America & Caribbean,Upper middle income
GGY,Guernsey,Europe,2024,,,0.0,0.0,63329,0.0,0.0,,,
GIN,Guinea,Africa,2024,,,0.0,0.0,13859349,0.0,0.0,,Sub-Saharan Africa,Lower middle income
GNB,Guinea-Bissau,Africa,2024,,,0.0,0.0,2105580,0.0,0.0,,Sub-Saharan Africa,Low income
GUY,Guyana,South America,2024,,,760.0,3.0,808727,939.7485183504447,3.7095336250675444,,Latin America & Caribbean,High income
HTI,Haiti,North America,2024,,,228.0,0.0,11585003,19.680616396905553,0.0,,Latin America & Caribbean,Lower middle income
HND,Honduras,North America,2024,,,149.0,0.0,10432858,14.281800825813981,0.0,,Latin America & Caribbean,Lower middle income
HKG,Hong Kong,Asia,2024,21014839.0,90.85,,,7488863,,,,East Asia & Pacific,High income
HUN,Hungary,Europe,2024,,,3641.0,62.0,9967304,365.2943664605795,6.220338017180975,,Europe & Central Asia,High income
ISL,Iceland,Europe,2024,,,583.0,0.0,372903,1563.4092511993736,0.0,,Europe & Central Asia,High income
IND,India,Asia,2024,2206868000.0,67.18,28576.0,262.0,1417173120,20.164085528238076,0.1848750842804583,,South Asia,Lower middle income
IDN,Indonesia,Asia,2024,,,7629.0,91.0,275501344,27.69133496495756,0.3303069185753228,,East Asia & Pacific,Upper middle income
IRN,Iran,Asia,2024,,,2400.0,80.0,88550568,27.103157599169776,0.9034385866389926,,Middle East & North Africa,Upper middle income
IRQ,Iraq,Asia,2024,,,0.0,0.0,44496124,0.0,0.0,,Middle East & North Africa,Upper middle income
IRL,Ireland,Europe,2024,11148281.0,80.94,16135.0,292.0,5023108,3212.154705811621,58.13134019814028,,Europe & Central Asia,High income
IMN,Isle of Man,Europe,2024,,,0.0,0.0,84534,0.0,0.0,,Europe & Central Asia,High income
ISR,Israel,Asia,2024,,,0.0,0.0,9449000,0.0,0.0,,Middle East & North Africa,High income
ITA,Italy,Europe,2024,,,119459.0,1727.0,59037472,2023.4436867486468,29.252607564226327,,Europe & Central Asia,High income
JAM,Jamaica,North America,2024,,,535.0,13.0,2827382,189.22098252022542,4.59789303320174,,Latin America & Caribbean,Upper middle income
JPN,Japan,Asia,2024,,,0.0,0.0,123951696,0.0,0.0,,East Asia & Pacific,High income
JEY,Jersey,Europe,2024,,,0.0,0.0,110796,0.0,0.0,,,
JOR,Jordan,Asia,2024,,,0.0,0.0,11285875,0.0,0.0,,Middle East & North Africa,Lower middle income
KAZ,Kazakhstan,Asia,2024,,,1165.0,0.0,19397998,60.057744103283234,0.0,,Europe & Central Asia,Upper middle income
KEN,Kenya,Africa,2024,,,12.0,0.0,54027484,0.2221091768774574,0.0,,Sub-Saharan Africa,Lower middle income
KIR,Kiribati,Oceania,2024,,,0.0,0.0,131237,0.0,0.0,,East Asia & Pacific,Lower middle income
KWT,Kuwait,Asia,2024,,,704.0,0.0,4268886,164.91421883835736,0.0,,Middle East & North Africa,High income
KGZ,Kyrgyzstan,Asia,2024,,,10.0,0.0,6630621,1.508154364425293,0.0,,Europe & Central Asia,Lower middle income
LAO,Laos,Asia,2024,,,154.0,0.0,7529477,20.452947794382,0.0,,East Asia & Pacific,Lower middle income
LVA,Latvia,Europe,2024,,,64.0,10.0,1850654,34.58236925973196,5.40349519683312,,Europe & Central Asia,High income
LBN,Lebanon,Asia,2024,,,0.0,0.0,5489744,0.0,0.0,,Middle East & North Africa,Lower middle income
LSO,Lesotho,Africa,2024,,,0.0,0.0,2305826,0.0,0.0,,Sub-Saharan Africa,Lower middle income
LBR,Liberia,Africa,2024,,,0.0,0.0,5302690,0.0,0.0,,Sub-Saharan Africa,Low income
LBY,Libya,Africa,2024,,,0.0,0.0,6812344,0.0,0.0,,Middle East & North Africa,Upper middle income
LIE,Liechtenstein,Europe,2024,,,21.0,1.0,39355,533.6043704738915,25.409731927328167,,Europe & Central Asia,High income
LTU,Lithuania,Europe,2024,4604865.0,68.4,10125.0,37.0,2750058,3681.7405305633556,13.454261691935224,,Europe & Central Asia,High income
LUX,Luxembourg,Europe,2024,,,3505.0,0.0,647601,5412.283180538634,0.0,,Europe & Central Asia,High income
MDG,Madagascar,Africa,2024,,,85.0,2.0,29611718,2.870485258572299,0.06754082961346586,,Sub-Saharan Africa,Low income
MWI,Malawi,Africa,2024,,,0.0,0.0,20405318,0.0,0.0,,Sub-Saharan Africa,Low income
MYS,Malaysia,Asia,2024,72657288.0,81.18,82088.0,58.0,33938216,2418.7482335547634,1.7089878855152552,,East Asia & Pacific,Upper middle income
MDV,Maldives,Asia,2024,,,0.0,0.0,523798,0.0,0.0,,South Asia,Upper middle income
MLI,Mali,Africa,2024,,,2.0,0.0,22593598,0.08852065084985578,0.0,,Sub-Saharan Africa,Low income
MLT,Malta,Europe,2024,1408793.0,88.43,1774.0,31.0,533293,3326.5015666809804,58.12939603557519,,Middle East & North Africa,High income
MHL,Marshall Islands,Oceania,2024,,,159.0,0.0,41593,3822.7586372706946,0.0,,East Asia & Pacific,Upper middle income
MTQ,Martinique,North America,2024,,,0.0,0.0,367512,0.0,0.0,,,
MRT,Mauritania,Africa,2024,,,85.0,0.0,4736146,17.94708186783093,0.0,,Sub-Saharan Africa,Lower middle income
MUS,Mauritius,Africa,2024,,,4447.0,13.0,1299478,3422.143352946337,10.00401699759442,,Sub-Saharan Africa,Upper middle income
MYT,Mayotte,Africa,2024,,,0.0,0.0,326113,0.0,0.0,,,
MEX,Mexico,North America,2024,,,11042.0,425.0,127504120,86.6011231637064,3.3332256243955096,,Latin America & Caribbean,Upper middle income
FSM,Micronesia (country),Oceania,2024,,,5305.0,0.0,114178,46462.54094484051,0.0,,East Asia & Pacific,Lower middle income
MDA,Moldova,Europe,2024,,,6459.0,71.0,3272993,1973.4231023408852,21.69268311909008,,Europe & Central Asia,Upper middle income
MCO,Monaco,Europe,2024,,,0.0,0.0,36491,0.0,0.0,,Europe & Central Asia,High income
MNG,Mongolia,Asia,2024,,,155.0,0.0,3398373,45.61006104980236,0.0,,East Asia & Pacific,Upper middle income
MNE,Montenegro,Europe,2024,,,0.0,0.0,627082,0.0,0.0,,Europe & Central Asia,Upper middle income
MSR,Montserrat,North America,2024,,,0.0,0.0,4413,0.0,0.0,,,
MAR,Morocco,Africa,2024,,,846.0,5.0,37457976,22.58531000180042,0.13348291963239017,,Middle East & North Africa,Lower middle income
MOZ,Mozambique,Africa,2024,,,112.0,2.0,32969520,3.39707705784009,0.06066209031857304,,Sub-Saharan Africa,Low income
MMR,Myanmar,Asia,2024,,,1437.0,0.0,54179312,26.52303890459148,0.0,,East Asia & Pacific,Lower middle income
NAM,Namibia,Africa,2024,,,284.0,5.0,2567024,110.63394810488721,1.9477807764944932,,Sub-Saharan Africa,Upper middle income
NRU,Nauru,Oceania,2024,,,0.0,0.0,12691,0.0,0.0,,East Asia & Pacific,High income
NPL,Nepal,Asia,2024,,,0.0,0.0,30547586,0.0,0.0,,South Asia,Lower middle income
NLD,Netherlands,Europe,2024,,,8978.0,0.0,17564020,511.1586071981243,0.0,,Europe & Central Asia,High income
NCL,New Caledonia,Oceania,2024,,,99.0,0.0,289959,341.42758114078197,0.0,,East Asia & Pacific,High income
NZL,New Zealand,Oceania,2024,13398398.0,,198673.0,661.0,5185289,38314.740027026455,127.47601917655892,,East Asia & Pacific,High income
NIC,Nicaragua,North America,2024,,,70.0,0.0,6948395,10.074268949879793,0.0,,Latin America & Caribbean,Lower middle income
NER,Niger,Africa,2024,,,3.0,0.0,26207982,0.11446894308764406,0.0,,Sub-Saharan Africa,Low income
NGA,Nigeria,Africa,2024,,,0.0,0.0,218541216,0.0,0.0,,Sub-Saharan Africa,Lower middle income
NIU,Niue,Oceania,2024,,,81.0,0.0,1952,41495.90163934426,0.0,,,
PRK,North Korea,Asia,2024,,,0.0,0.0,26069416,0.0,0.0,,East Asia & Pacific,Low income
MKD,North Macedonia,Europe,2024,,,608.0,13.0,2093606,290.40803283903466,6.20938228109778,,Europe & Central Asia,Upper middle income
MNP,Northern Mariana Islands,Oceania,2024,,,571.0,0.0,49574,11518.134505991044,0.0,,East Asia & Pacific,High income
NOR,Norway,Europe,2024,,,8716.0,0.0,5434324,1603.8793417543748,0.0,,Europe & Central Asia,High income
OMN,Oman,Asia,2024,,,0.0,0.0,4576300,0.0,0.0,,Middle East & North Africa,High income
PAK,Pakistan,Asia,2024,,,0.0,0.0,235824864,0.0,0.0,,South Asia,Lower middle income
PLW,Palau,Oceania,2024,,,107.0,1.0,18084,5916.832559168326,55.29750055297501,,East Asia & Pacific,High income
PSE,Palestine,Asia,2024,,,0.0,0.0,5250076,0.0,0.0,,Middle East & North Africa,Lower middle income
PAN,Panama,North America,2024,,,1994.0,94.0,4408582,452.2996283158621,21.32204867687615,,Latin America & Caribbean,High income
PNG,Papua New Guinea,Oceania,2024,,,0.0,0.0,10142625,0.0,0.0,,East Asia & Pacific,Lower middle income
PRY,Paraguay,South America,2024,,,0.0,0.0,6780745,0.0,0.0,,Latin America & Caribbean,Upper middle income
PER,Peru,South America,2024,,,21757.0,459.0,34049588,638.9798314152877,13.480339321580043,,Latin America & Caribbean,Upper middle income
PHL,Philippines,Asia,2024,,,8183.0,69.0,115559008,70.8123074230613,0.5970975451779579,,East Asia & Pacific,Lower middle income
PCN,Pitcairn,Oceania,2024,,,0.0,0.0,47,0.0,0.0,,,
POL,Poland,Europe,2024,,,38734.0,488.0,39857144,971.8207606646376,12.243727247491693,,Europe & Central Asia,High income
PRT,Portugal,Europe,2024,,,24610.0,880.0,10270857,2396.0999554370196,85.67931575719534,,Europe & Central Asia,High income
PRI,Puerto Rico,North America,2024,,,0.0,0.0,3252412,0.0,0.0,,Latin America & Caribbean,High income
QAT,Qatar,Asia,2024,,,0.0,0.0,2695131,0.0,0.0,,Middle East & North Africa,High income
REU,Reunion,Africa,2024,,,0.0,0.0,974062,0.0,0.0,,,
ROU,Romania,Europe,2024,,,29026.0,111.0,19659270,1476.4536017868415,5.6461913387424865,,Europe & Central Asia,High income
RUS,Russia,Europe,2024,,,522176.0,1829.0,144713312,3608.3480695956987,12.638781980195438,,Europe & Central Asia,High income
RWA,Rwanda,Africa,2024,,,56.0,0.0,13776702,4.064833513855493,0.0,,Sub-Saharan Africa,Low income
BLM,Saint Barthelemy,North America,2024,,,0.0,0.0,10994,0.0,0.0,,,
SHN,Saint Helena,Africa,2024,,,0.0,0.0,5401,0.0,0.0,,,
KNA,Saint Kitts and Nevis,North America,2024,,,0.0,0.0,47681,0.0,0.0,,Latin America & Caribbean,High income
LCA,Saint Lucia,North America,2024,,,52.0,0.0,179872,289.09446717665895,0.0,,Latin America & Caribbean,Upper middle income
MAF,Saint Martin (French part),North America,2024,,,0.0,0.0,31816,0.0,0.0,,Latin America & Caribbean,High income
SPM,Saint Pierre and Miquelon,North America,2024,,,0.0,0.0,5885,0.0,0.0,,,
VCT,Saint Vincent and the Grenadines,North America,2024,,,0.0,0.0,103959,0.0,0.0,,Latin America & Caribbean,Upper middle income
WSM,Samoa,Oceania,2024,,,95.0,0.0,222390,427.1774810018436,0.0,,East Asia & Pacific,Lower middle income
SMR,San Marino,Europe,2024,,,0.0,0.0,33690,0.0,0.0,,Europe & Central Asia,High income
STP,Sao Tome and Principe,Africa,2024,,,35.0,0.0,227393,153.91854630529522,0.0,,Sub-Saharan Africa,Lower middle income
SAU,Saudi Arabia,Asia,2024,,,0.0,0.0,36408824,0.0,0.0,,Middle East & North Africa,High income
SEN,Senegal,Africa,2024,,,435.0,0.0,17316452,25.120619397091275,0.0,,Sub-Saharan Africa,Lower middle income
SRB,Serbia,Europe,2024,,,0.0,0.0,6871547,0.0,0.0,,Europe & Central Asia,Upper middle income
SYC,Seychelles,Africa,2024,,,666.0,0.0,107135,6216.455873430718,0.0,,Sub-Saharan Africa,High income
SLE,Sierra Leone,Africa,2024,,,200.0,0.0,8605723,23.240348312396296,0.0,,Sub-Saharan Africa,Low income
SGP,Singapore,Asia,2024,,,81640.0,70.0,5637022,14482.82444169989,12.417904347366393,,East Asia & Pacific,High income
SXM,Sint Maarten (Dutch part),North America,2024,,,0.0,0.0,44192,0.0,0.0,,Latin America & Caribbean,High income
SVK,Slovakia,Europe,2024,,,2473.0,20.0,5643455,438.2067368305409,3.5439283205057897,,Europe & Central Asia,High income
SVN,Slovenia,Europe,2024,,,2167.0,223.0,2119843,1022.2455153518445,105.19646973856084,,Europe & Central Asia,High income
SLB,Solomon Islands,Oceania,2024,,,0.0,0.0,724272,0.0,0.0,,East Asia & Pacific,Lower middle income
SOM,Somalia,Africa,2024,,,0.0,0.0,17597508,0.0,0.0,,Sub-Saharan Africa,Low income
ZAF,South Africa,Africa,2024,,,129.0,0.0,59893884,2.1538092269988702,0.0,,Sub-Saharan Africa,Upper middle income
KOR,South Korea,Asia,2024,,,0.0,0.0,51815808,0.0,0.0,,East Asia & Pacific,High income
SSD,South Sudan,Africa,2024,,,4.0,0.0,10913172,0.3665295479627738,0.0,,Sub-Saharan Africa,Low income
ESP,Spain,Europe,2024,,,,,47558632,,,,Europe & Central Asia,High income
LKA,Sri Lanka,Asia,2024,,,91.0,17.0,21832150,4.168164839468399,0.7786681568237668,,South Asia,Lower middle income
SDN,Sudan,Africa,2024,,,0.0,0.0,46874200,0.0,0.0,,Sub-Saharan Africa,Low income
SUR,Suriname,South America,2024,,,6.0,2.0,618046,9.708015260999991,3.2360050869999966,,Latin America & Caribbean,Upper middle income
SWE,Sweden,Europe,2024,28312817.0,,8564.0,713.0,10549349,811.8036477890721,67.58710892966002,,Europe & Central Asia,High income
CHE,Switzerland,Europe,2024,,,10927.0,0.0,8740471,1250.1614615505275,0.0,,Europe & Central Asia,High income
SYR,Syria,Asia,2024,,,0.0,0.0,22125242,0.0,0.0,,Middle East & North Africa,Low income
TJK,Tajikistan,Asia,2024,,,0.0,0.0,9952789,0.0,0.0,,Europe & Central Asia,Lower middle income
TZA,Tanzania,Africa,2024,,,7.0,0.0,65497752,0.10687389698504463,0.0,,Sub-Saharan Africa,Lower middle income
THA,Thailand,Asia,2024,,,36805.0,198.0,71697024,513.3406931925097,2.7616209007503576,,East Asia & Pacific,Upper middle income
TGO,Togo,Africa,2024,,,3.0,0.0,8848700,0.33903285228338625,0.0,,Sub-Saharan Africa,Low income
TKL,Tokelau,Oceania,2024,,,0.0,0.0,1893,0.0,0.0,,,
TON,Tonga,Oceania,2024,,,27.0,0.0,106867,252.65049079697195,0.0,,East Asia & Pacific,Upper middle income
TTO,Trinidad and Tobago,North America,2024,,,0.0,0.0,1531043,0.0,0.0,,Latin America & Caribbean,High income
TUN,Tunisia,Africa,2024,,,0.0,0.0,12356116,0.0,0.0,,Middle East & North Africa,Lower middle income
TUR,Turkey,Asia,2024,,,28.0,0.0,85341248,0.32809456922870406,0.0,,Europe & Central Asia,Upper middle income
TKM,Turkmenistan,Asia,2024,,,0.0,0.0,6430777,0.0,0.0,,Europe & Central Asia,Upper middle income
TCA,Turks and Caicos Islands,North America,2024,,,95.0,0.0,45726,2077.5926168919214,0.0,,Latin America & Caribbean,High income
TUV,Tuvalu,Oceania,2024,,,0.0,0.0,11335,0.0,0.0,,East Asia & Pacific,Upper middle income
UGA,Uganda,Africa,2024,,,266.0,0.0,47249588,5.629678718045118,0.0,,Sub-Saharan Africa,Low income
UKR,Ukraine,Europe,2024,,,5775.0,2.0,39701744,145.4596049987124,0.05037562077877485,,Europe & Central Asia,Upper middle income
ARE,United Arab Emirates,Asia,2024,,,0.0,0.0,9441138,0.0,0.0,,Middle East & North Africa,High income
GBR,United Kingdom,Europe,2024,,,109370.0,0.0,67508936,1620.0818214643466,0.0,,Europe & Central Asia,High income
USA,United States,North America,2024,,,,28689.0,338289856,,84.80597183499347,,North America,High income
VIR,United States Virgin Islands,North America,2024,,,0.0,0.0,99479,0.0,0.0,,Latin America & Caribbean,High income
URY,Uruguay,South America,2024,,,3453.0,57.0,3422796,1008.8243646422397,16.65305206620552,,Latin America & Caribbean,High income
UZB,Uzbekistan,Asia,2024,,,0.0,0.0,34627648,0.0,0.0,,Europe & Central Asia,Lower middle income
VUT,Vanuatu,Oceania,2024,,,0.0,0.0,326744,0.0,0.0,,East Asia & Pacific,Lower middle income
VAT,Vatican,Europe,2024,,,0.0,0.0,808,0.0,0.0,,,
VEN,Venezuela,South America,2024,,,0.0,0.0,28301700,0.0,0.0,,Latin America & Caribbean,
VNM,Vietnam,Asia,2024,,,0.0,0.0,98186856,0.0,0.0,,East Asia & Pacific,Lower middle income
WLF,Wallis and Futuna,Oceania,2024,,,210.0,1.0,11596,18109.692997585375,86.23663332183511,,,
YEM,Yemen,Asia,2024,,,0.0,0.0,33696612,0.0,0.0,,Middle East & North Africa,Low income
ZMB,Zambia,Africa,2024,,,538.0,8.0,20017670,26.876254828858702,0.3996469119532893,,Sub-Saharan Africa,Lower middle income
ZWE,Zimbabwe,Africa,2024,,,315.0,9.0,16320539,19.300833140376064,0.551452375439316,,Sub-Saharan Africa,Lower middle income
